
CREATE DATABASE IF NOT EXISTS railway_reservation_system;
USE railway_reservation_system;

-- Core Tables
CREATE TABLE IF NOT EXISTS user (
    user_id VARCHAR(10) PRIMARY KEY,
    user_name VARCHAR(50) NOT NULL UNIQUE,
    name VARCHAR(100) NOT NULL,
    email VARCHAR(100) NOT NULL UNIQUE,
    password VARCHAR(255) NOT NULL,
    dob DATE NOT NULL,
    age INT CHECK (age >= 0),
    gender ENUM('male','female','other'),
    address TEXT,
    city VARCHAR(50),
    state VARCHAR(50),
    pin_code VARCHAR(10)
);



CREATE TABLE IF NOT EXISTS employee (
    employee_id VARCHAR(10) PRIMARY KEY,
    emp_name VARCHAR(100) NOT NULL,
    designation ENUM('station_master', 'ticket_checker', 'train_manager', 'admin', 'support_staff') NOT NULL,
    email VARCHAR(100) NOT NULL UNIQUE,
    phone_no VARCHAR(15) NOT NULL,
    hire_date DATE NOT NULL,
    salary DECIMAL(10,2) CHECK (salary >= 0),
    supervisor_id VARCHAR(10),
    FOREIGN KEY (supervisor_id) REFERENCES employee(employee_id) ON DELETE SET NULL
);
ALTER TABLE employee ADD COLUMN password VARCHAR(255) NOT NULL DEFAULT 'default_password';
CREATE TABLE IF NOT EXISTS dependent (
    dependent_id VARCHAR(10),
    employee_id VARCHAR(10),
    f_name VARCHAR(50) NOT NULL,
    l_name VARCHAR(50) NOT NULL,
    dob DATE NOT NULL,
    gender ENUM('male','female','other'),
    relation ENUM('spouse','child','parent','sibling') NOT NULL,
    PRIMARY KEY (dependent_id, employee_id),
    FOREIGN KEY (employee_id) REFERENCES employee(employee_id) ON DELETE CASCADE
);

CREATE TABLE IF NOT EXISTS train (
    train_no VARCHAR(10) PRIMARY KEY,
    type ENUM('passenger','express','superfast','shatabdi','rajdhani','duronto','vande_bharat','garib_rath') NOT NULL,
    color ENUM('blue','red','green','yellow','white','orange','grey') NOT NULL,
    base_fare_multiplier DECIMAL(5,2) DEFAULT 1.0 CHECK (base_fare_multiplier >= 0)
);

CREATE TABLE IF NOT EXISTS station (
    station_id VARCHAR(10) PRIMARY KEY,
    station_name VARCHAR(100) NOT NULL,
    city VARCHAR(50) NOT NULL,
    state VARCHAR(50) NOT NULL
);

CREATE TABLE IF NOT EXISTS schedule (
    schedule_id VARCHAR(10) PRIMARY KEY,
    train_no VARCHAR(10) NOT NULL,
    start_time TIME NOT NULL,
    end_time TIME NOT NULL,
    no_of_stops INT CHECK (no_of_stops >= 0),
    FOREIGN KEY (train_no) REFERENCES train(train_no) ON DELETE CASCADE
);

CREATE TABLE IF NOT EXISTS running_days (
    schedule_id VARCHAR(10),
    day_name ENUM('monday','tuesday','wednesday','thursday','friday','saturday','sunday') NOT NULL,
    PRIMARY KEY (schedule_id, day_name),
    FOREIGN KEY (schedule_id) REFERENCES schedule(schedule_id) ON DELETE CASCADE
);

CREATE TABLE IF NOT EXISTS route_stop (
    route_stop_id VARCHAR(10) PRIMARY KEY,
    schedule_id VARCHAR(10) NOT NULL,
    station_id VARCHAR(10) NOT NULL,
    stop_sequence INT NOT NULL CHECK (stop_sequence > 0),
    arrival_time TIME,
    departure_time TIME,
    halt_duration INT CHECK (halt_duration >= 0),
    distance_from_source DECIMAL(8,2) CHECK (distance_from_source >= 0),
    day_number INT DEFAULT 1 CHECK (day_number >= 1),
    FOREIGN KEY (schedule_id) REFERENCES schedule(schedule_id) ON DELETE CASCADE,
    FOREIGN KEY (station_id) REFERENCES station(station_id) ON DELETE CASCADE,
    UNIQUE KEY unique_stop_sequence (schedule_id, stop_sequence)
);

CREATE TABLE IF NOT EXISTS fare_rule (
    fare_rule_id VARCHAR(10) PRIMARY KEY,
    coach_type ENUM('sleeper','ac','general') NOT NULL,
    from_distance DECIMAL(8,2) NOT NULL CHECK (from_distance >= 0),
    to_distance DECIMAL(8,2) NOT NULL CHECK (to_distance >= 0),
    rate_per_km DECIMAL(8,2) NOT NULL CHECK (rate_per_km >= 0),
    minimum_fare DECIMAL(8,2) NOT NULL CHECK (minimum_fare >= 0)
);

CREATE TABLE IF NOT EXISTS class (
    class_id VARCHAR(10) PRIMARY KEY,
    class_name VARCHAR(50) NOT NULL UNIQUE,
    booked_seats INT CHECK (booked_seats >= 0),
    no_of_coaches INT CHECK (no_of_coaches > 0),
    coach_type ENUM('sleeper','ac','general') NOT NULL,
    c_multiplier DECIMAL(5,2) NOT NULL DEFAULT 1.0 CHECK (c_multiplier >= 0),
    reservation_charges DECIMAL(8,2) DEFAULT 0 CHECK (reservation_charges >= 0),
    special_charges DECIMAL(8,2) DEFAULT 0 CHECK (special_charges >= 0),
    train_no VARCHAR(10) NOT NULL,
    fare_rule_id VARCHAR(10) NOT NULL,
    FOREIGN KEY (train_no) REFERENCES train(train_no) ON DELETE CASCADE,
    FOREIGN KEY (fare_rule_id) REFERENCES fare_rule(fare_rule_id) ON DELETE CASCADE
);

CREATE TABLE IF NOT EXISTS berth (
    berth_id VARCHAR(10),
    class_id VARCHAR(10),
    berth_no INT NOT NULL CHECK (berth_no > 0),
    status ENUM('available','booked','reserved') NOT NULL DEFAULT 'available',
    coach_no INT NOT NULL CHECK (coach_no > 0),
    PRIMARY KEY(berth_id, class_id),
    FOREIGN KEY (class_id) REFERENCES class(class_id) ON DELETE CASCADE,
    UNIQUE KEY uq_berth_per_coach (class_id, coach_no, berth_no)
);

ALTER TABLE berth DROP COLUMN status;
ALTER TABLE berth 
ADD COLUMN seat_type ENUM('Lower','Middle','Upper','Side Upper','Side Lower') NOT NULL DEFAULT 'Lower';


CREATE TABLE IF NOT EXISTS ticket (
    pnr_no VARCHAR(10) PRIMARY KEY,
    train_no VARCHAR(10) NOT NULL,
    passenger_name VARCHAR(100) NOT NULL,
    date_time DATETIME NOT NULL,
    source_station VARCHAR(10) NOT NULL,
    destination_station VARCHAR(10) NOT NULL,
    status ENUM('booked', 'confirmed', 'cancelled', 'waiting') NOT NULL DEFAULT 'booked',
    user_id VARCHAR(10) NOT NULL,
    fare DECIMAL(10,2) CHECK (fare >= 0),
    booking_time DATETIME NOT NULL,
    cancellation_time DATETIME NULL,
    refund_amount DECIMAL(10,2) DEFAULT 0,
    FOREIGN KEY (train_no) REFERENCES train(train_no),
    FOREIGN KEY (source_station) REFERENCES station(station_id),
    FOREIGN KEY (destination_station) REFERENCES station(station_id),
    FOREIGN KEY (user_id) REFERENCES user(user_id)
);

CREATE TABLE IF NOT EXISTS payment (
    transaction_id VARCHAR(10) PRIMARY KEY,
    pnr_no VARCHAR(10) NOT NULL,
    user_id VARCHAR(10) NOT NULL,
    amount DECIMAL(10,2) NOT NULL,
    type ENUM('payment', 'refund') NOT NULL,
    mode ENUM('credit_card','debit_card','upi','net_banking','wallet') NOT NULL,
    status ENUM('success','failed','pending') NOT NULL,
    transaction_date DATETIME NOT NULL,
    FOREIGN KEY (pnr_no) REFERENCES ticket(pnr_no) ON DELETE CASCADE,
    FOREIGN KEY (user_id) REFERENCES user(user_id) ON DELETE CASCADE
);

-- History Tables
CREATE TABLE IF NOT EXISTS user_booking_history (
    history_id VARCHAR(10) PRIMARY KEY,
    user_id VARCHAR(10) NOT NULL,
    pnr_no VARCHAR(10) NOT NULL,
    action ENUM('booked', 'cancelled', 'modified') NOT NULL,
    action_time DATETIME NOT NULL,
    details TEXT,
    FOREIGN KEY (user_id) REFERENCES user(user_id) ON DELETE CASCADE,
    FOREIGN KEY (pnr_no) REFERENCES ticket(pnr_no) ON DELETE CASCADE
);

CREATE TABLE IF NOT EXISTS user_transaction_history (
    transaction_history_id VARCHAR(10) PRIMARY KEY,
    user_id VARCHAR(10) NOT NULL,
    pnr_no VARCHAR(10) NOT NULL,
    transaction_id VARCHAR(10) NOT NULL,
    transaction_type ENUM('payment', 'refund') NOT NULL,
    amount DECIMAL(10,2) NOT NULL,
    transaction_time DATETIME NOT NULL,
    status ENUM('success', 'failed', 'pending') NOT NULL,
    description TEXT,
    FOREIGN KEY (user_id) REFERENCES user(user_id) ON DELETE CASCADE,
    FOREIGN KEY (pnr_no) REFERENCES ticket(pnr_no) ON DELETE CASCADE,
    FOREIGN KEY (transaction_id) REFERENCES payment(transaction_id) ON DELETE CASCADE
);

-- Train Assignment Table
CREATE TABLE IF NOT EXISTS train_assignment (
    assignment_id VARCHAR(10) PRIMARY KEY,
    train_no VARCHAR(10) NOT NULL,
    employee_id VARCHAR(10) NOT NULL,
    assignment_date DATE NOT NULL,
    role ENUM('driver', 'guard', 'attendant', 'train_manager', 'ticket_checker', 'admin', 'support_staff', 'station_master') NOT NULL,
    FOREIGN KEY (train_no) REFERENCES train(train_no) ON DELETE CASCADE,
    FOREIGN KEY (employee_id) REFERENCES employee(employee_id) ON DELETE CASCADE,
    UNIQUE KEY unique_train_employee (train_no, employee_id, assignment_date)
);

CREATE TABLE IF NOT EXISTS allocates (
    allocation_id VARCHAR(10) PRIMARY KEY,
    pnr_no VARCHAR(10) NOT NULL,
    class_id VARCHAR(10) NOT NULL,
    berth_id VARCHAR(10), -- Can be NULL for waiting list
    allocation_status ENUM('confirmed', 'waiting', 'rac', 'cancelled') NOT NULL,
    allocation_time DATETIME NOT NULL,
    
    -- Foreign keys
    FOREIGN KEY (pnr_no) REFERENCES ticket(pnr_no) ON DELETE CASCADE,
    FOREIGN KEY (class_id) REFERENCES class(class_id) ON DELETE CASCADE,
    
    

    UNIQUE KEY unique_ticket_allocation (pnr_no) -- One ticket can have only one allocation
);

      
CREATE TABLE employee_booking_history (
    booking_id VARCHAR(10) PRIMARY KEY,
    employee_id VARCHAR(10) NOT NULL,
    pnr_no VARCHAR(10) NOT NULL,
    passenger_name VARCHAR(100) NOT NULL,
    train_no VARCHAR(10) NOT NULL,
    from_station VARCHAR(10) NOT NULL,
    to_station VARCHAR(10) NOT NULL,
    travel_date DATE NOT NULL,
    class_id VARCHAR(10) NOT NULL,
    booking_status ENUM('confirmed','waiting','cancelled') NOT NULL,
    booking_time DATETIME NOT NULL,
    cancellation_time DATETIME NULL,
    FOREIGN KEY (employee_id) REFERENCES employee(employee_id),
    FOREIGN KEY (pnr_no) REFERENCES ticket(pnr_no),
    FOREIGN KEY (train_no) REFERENCES train(train_no)
); 

CREATE TABLE employee_transaction_history (
    transaction_id VARCHAR(10) PRIMARY KEY,
    employee_id VARCHAR(10) NOT NULL,
    pnr_no VARCHAR(10) NOT NULL,
    transaction_type ENUM('free_booking', 'cancellation'),
    transaction_time DATETIME NOT NULL,
    description TEXT,
    FOREIGN KEY (employee_id) REFERENCES employee(employee_id),
    FOREIGN KEY (pnr_no) REFERENCES ticket(pnr_no)
);    
INSERT INTO user (user_id, user_name, name, email, password, dob, age, gender, address, city, state, pin_code, mobile_no)
VALUES
('U001', 'raj_sharma', 'Raj Sharma', 'raj.sharma@email.com', 'hashed_password_1', '1990-05-15', 33, 'male', '12 Gandhi Road', 'Mumbai', 'Maharashtra', '400001', '9876543210'),
('U002', 'priya_patel', 'Priya Patel', 'priya.patel@email.com', 'hashed_password_2', '1985-08-22', 38, 'female', '45 Nehru Street', 'Delhi', 'Delhi', '110001', '9876543211'),
('U003', 'amit_kumar', 'Amit Kumar', 'amit.kumar@email.com', 'hashed_password_3', '1992-12-10', 31, 'male', '78 MG Road', 'Bangalore', 'Karnataka', '560001', '9876543212'),
('U004', 'sneha_reddy', 'Sneha Reddy', 'sneha.reddy@email.com', 'hashed_password_4', '1988-03-30', 35, 'female', '23 Brigade Road', 'Chennai', 'Tamil Nadu', '600001', '9876543213'),
('U005', 'vikram_singh', 'Vikram Singh', 'vikram.singh@email.com', 'hashed_password_5', '1995-07-18', 28, 'male', '56 Park Street', 'Kolkata', 'West Bengal', '700001', '9876543214'),
('U006', 'ananya_gupta', 'Ananya Gupta', 'ananya.gupta@email.com', 'hashed_password_6', '1991-11-25', 32, 'female', '34 Connaught Place', 'Hyderabad', 'Telangana', '500001', '9876543215'),
('U007', 'rahul_verma', 'Rahul Verma', 'rahul.verma@email.com', 'hashed_password_7', '1987-02-14', 36, 'male', '67 Marine Drive', 'Pune', 'Maharashtra', '411001', '9876543216'),
('U008', 'neha_jain', 'Neha Jain', 'neha.jain@email.com', 'hashed_password_8', '1993-09-08', 30, 'female', '89 Jubilee Hills', 'Ahmedabad', 'Gujarat', '380001', '9876543217'),
('U009', 'suresh_nair', 'Suresh Nair', 'suresh.nair@email.com', 'hashed_password_9', '1984-06-20', 39, 'male', '12 Richmond Road', 'Jaipur', 'Rajasthan', '302001', '9876543218'),
('U010', 'meera_das', 'Meera Das', 'meera.das@email.com', 'hashed_password_10', '1994-04-12', 29, 'female', '45 Temple Street', 'Lucknow', 'Uttar Pradesh', '226001', '9876543219'),
('U011', 'priya_desai', 'Priya Desai', 'priya.desai@email.com', 'priya123', '1992-11-30', 32, 'female', '202 Palm Avenue', 'Hyderabad', 'Telangana', '500001', '9123456701'),
('U012', 'short_pass_user', 'Short Pass User', 'short@email.com', '123', '1990-01-01', 35, 'male', 'Test Address', 'Test City', 'Test State', '123456', '9123456702'),
('U013', 'alex_johnson', 'Alex Johnson', 'alex.johnson@email.com', 'alex123', '1988-07-20', 37, 'male', '101 Maple Road', 'Chennai', 'Tamil Nadu', '600001', '9123456703'),
('U014', 'rajesh_k', 'Rajesh Khanna', 'rajesh.k@personal.com', 'rajesh123', '1978-05-15', 45, 'male', '101 Station Road', 'Mumbai', 'Maharashtra', '400001', '9123456704'),
('U015', 'priya_m', 'Priya Menon', 'priya.m@personal.com', 'priya123', '1985-08-20', 38, 'female', '202 Railway Colony', 'Delhi', 'Delhi', '110001', '9123456705'),
('U016', 'amitabh_r', 'Amitabh Roy', 'amitabh.r@personal.com', 'amitabh123', '1980-03-10', 43, 'male', '303 Train Avenue', 'Kolkata', 'West Bengal', '700001', '9123456706'),
('U016404', 'mathine', 'banger', 'bangeratife.com', '$2a$10$UXHzktGu0Oc8siUW454QXuFFHPCtIdNg7izzlNFEgRX3eP4m7lTme', '1990-05-15', 35, 'male', '123 Main Street', 'Mumbai', 'Maharashtra', '400001', '93765443214'),
('U017', 'sunita_r', 'Sunita Reddy', 'sunita.r@personal.com', 'sunita123', '1987-11-05', 36, 'female', '404 Rail Nagar', 'Chennai', 'Tamil Nadu', '600001', '9123456707'),
('U018', 'vikram_p', 'Vikram Patel', 'vikram.p@personal.com', 'vikram123', '1990-06-25', 33, 'male', '505 Staff Quarters', 'Ahmedabad', 'Gujarat', '380001', '9123456708'),
('U019', 'anjali_s', 'Anjali Sharma', 'anjali.s@personal.com', 'anjali123', '1988-09-12', 35, 'female', '606 Railway Colony', 'Jaipur', 'Rajasthan', '302001', '9123456709'),
('U020', 'rahul_n', 'Rahul Nair', 'rahul.n@personal.com', 'rahul123', '1985-07-30', 38, 'male', '707 Train Street', 'Lucknow', 'Uttar Pradesh', '226001', '9123456710'),
('U021', 'neha_g', 'Neha Gupta', 'neha.g@personal.com', 'neha123', '1992-01-15', 32, 'female', '808 Rail Nagar', 'Pune', 'Maharashtra', '411001', '9123456711'),
('U022', 'suresh_k', 'Suresh Kumar', 'suresh.k@personal.com', 'suresh123', '1979-12-08', 44, 'male', '909 Station Road', 'Hyderabad', 'Telangana', '500001', '9123456712'),
('U023', 'meera_i', 'Meera Iyer', 'meera.i@personal.com', 'meera123', '1986-04-20', 37, 'female', '1010 Staff Colony', 'Bangalore', 'Karnataka', '560001', '9123456713'),
('U025466629', 'atif', 'Ahmed Atif', 'ahmedatif353838@gmail.com', '$2a$10$VX792K6fE6FqQ9o4ABYSjOdgao1ObTtmdJVt5KivwXXkBOF10Ie3i', '2005-01-02', 20, 'male', '1 main cross ;  Sri  Angala Parameshwari Devi Gents Pg', 'Bengaluru', 'Karnataka', '560100', '9113047900'),
('U251866', 'xyze', 'bangewhebrr', 'bangeratisefe.com', '$2a$10$JHp4ZIbKVnqmA9VvR09kqe6p1puLeTdQvAzi3aOA3EAZd7DAl3gfO', '1990-05-15', 35, 'male', '123 Main Street', 'Mumbai', 'Maharashtra', '400001', '9s3765443214'),
('U522322', 'mathin', 'banger', 'ahmedatif35388@gmail.com', '$2a$10$oYacporX5klc7BcNRH0bE.RqViQvRLf3TzSXbFj5NuNIcCSr8Iy3O', '1990-05-15', 35, 'male', '123 Main Street', 'Mumbai', 'Maharashtra', '400001', '9376543214'),
('U586418', 'chandan', 'chandan b l', 'atifahmed394447@gmail.com', '$2a$10$kyMzrq9nlbi42Be3LV2mYu1W7T0XkBCZHq.RL5Mc9C96P6OPeIOO6', '1979-06-12', 46, 'male', '1 main cross ;  Sri  Angala Parameshwari Devi Gents Pg', 'Bengaluru', 'Karnataka', '560100', '8790546407'),
('U972058430', 'john_doe', 'John Doe', 'ahmedatif353488@gmail.com', '$2a$10$zf0ZffZd7PGvcFcLdRrBietE1ptBuNVRaTY4PlcNhE0EWDAhsNVTi', '1990-05-15', 35, 'male', '123 Main Street', 'Mumbai', 'Maharashtra', '400001', '9123456714'),
('U972367157', 'Sarah_Khan', 'Sarah Khan', 'sarah.khan@example.com', '$2a$10$YVXmWxjY6YcW6ykvA6scUu3HW8N0WnFAGmVg0cXOgycOJ/YSJMR6K', '1995-12-22', 30, 'female', '45 Garden View Apartments', 'Bengaluru', 'Karnataka', '560001', '9123456715'),
('U977560508', 'Khan', 'Khan', 'khan@example.com', '$2a$10$k37CoAQM/Z6reSZZNOmM6ujVo7lBsHNlE/7aSsLvogW4caOc0bKT6', '1995-12-22', 30, 'female', '45 Garden View Apartments', 'Bengaluru', 'Karnataka', '560001', '9123456716');

INSERT INTO employee (employee_id, emp_name, designation, email, phone_no, hire_date, salary, supervisor_id, password)
VALUES
('E001', 'Rajesh Khanna', 'station_master', 'ahmedatif35388@gmail.com', '9123456780', '2010-05-15', 75000.00, NULL, 'rajesh123'),
('E002', 'Priya Menon', 'ticket_checker', 'priya.menon@railway.com', '9123456781', '2015-08-20', 45000.00, 'E001', 'priya123'),
('E003', 'Amitabh Roy', 'train_manager', 'amitabh.roy@railway.com', '9123456782', '2012-03-10', 68000.00, 'E001', 'amitabh123'),
('E004', 'Sunita Reddy', 'admin', 'sunita.reddy@railway.com', '9123456783', '2018-11-05', 52000.00, 'E001', 'sunita123'),
('E005', 'Vikram Patel', 'support_staff', 'vikram.patel@railway.com', '9123456784', '2019-06-25', 35000.00, 'E002', 'vikram123'),
('E006', 'Anjali Sharma', 'ticket_checker', 'anjali.sharma@railway.com', '9123456785', '2016-09-12', 48000.00, 'E001', 'anjali123'),
('E007', 'Rahul Nair', 'train_manager', 'rahul.nair@railway.com', '9123456786', '2014-07-30', 72000.00, 'E001', 'rahul123'),
('E008', 'Neha Gupta', 'support_staff', 'neha.gupta@railway.com', '9123456787', '2020-01-15', 32000.00, 'E002', 'neha123'),
('E009', 'Suresh Kumar', 'station_master', 'suresh.kumar@railway.com', '9123456788', '2011-12-08', 78000.00, NULL, 'suresh123'),
('E010', 'Meera Iyer', 'admin', 'meera.iyer@railway.com', '9123456789', '2017-04-20', 55000.00, 'E001', 'meera123');
-- Insert realistic trains
INSERT INTO train (train_no, type, color, base_fare_multiplier) VALUES
('12301', 'rajdhani', 'blue', 1.2),    -- Mumbai-Delhi Rajdhani
('12302', 'rajdhani', 'red', 1.2),     -- Delhi-Kolkata Rajdhani  
('12303', 'shatabdi', 'red', 1.1),     -- Delhi-Chandigarh Shatabdi
('12304', 'duronto', 'green', 1.15),   -- Mumbai-Howrah Duronto
('12305', 'express', 'blue', 1.0),     -- Mumbai-Chennai Express
('12306', 'superfast', 'yellow', 1.05),-- Bengaluru-Hyderabad Superfast
('12307', 'garib_rath', 'orange', 0.8),-- Delhi-Jaipur Garib Rath
('12308', 'passenger', 'grey', 0.9),   -- Local Passenger
('12309', 'vande_bharat', 'white', 1.3), -- Delhi-Varanasi Vande Bharat
('12310', 'express', 'blue', 1.0);     -- Kolkata-Chennai Mail
INSERT INTO class (class_id, class_name, seats, coach_no, type, multiplier, min_fare, max_fare, train_no, fare_rule_id)
VALUES
('CL001', 'First AC', 47, 2, 'ac', 3.00, 60.00, 100.00, 12301, 'FR001'),
('CL002', 'Second AC', 45, 4, 'ac', 2.50, 50.00, 80.00, 12301, 'FR002'),
('CL003', 'Third AC', 65, 6, 'ac', 2.00, 40.00, 60.00, 12301, 'FR003'),
('CL004', 'Sleeper', 83, 8, 'sleeper', 1.50, 30.00, 40.00, 12302, 'FR005'),
('CL005', 'General', 120, 10, 'general', 1.00, 10.00, 20.00, 12302, 'FR009'),
('CL006', 'Chair Car', 50, 5, 'ac', 1.80, 35.00, 50.00, 12303, 'FR001'),
('CL007', 'Executive', 30, 3, 'ac', 3.50, 70.00, 120.00, 12304, 'FR001'),
('CL008', 'AC 3 Tier', 70, 7, 'ac', 2.20, 45.00, 70.00, 12305, 'FR003'),
('CL009', 'Second Sitting', 90, 9, 'general', 1.20, 15.00, 25.00, 12306, 'FR010'),
('CL010', 'First Class', 40, 4, 'ac', 2.80, 55.00, 90.00, 12307, 'FR002');

-- Insert realistic stations (major Indian cities)
INSERT INTO running_days (schedule_id, day_name)
VALUES
('SCH001', 'monday'),
('SCH001', 'tuesday'),
('SCH001', 'wednesday'),
('SCH001', 'thursday'),
('SCH001', 'friday'),
('SCH001', 'saturday'),
('SCH001', 'sunday'),
('SCH002', 'monday'),
('SCH002', 'tuesday'),
('SCH002', 'wednesday'),
('SCH002', 'thursday'),
('SCH002', 'friday'),
('SCH002', 'saturday'),
('SCH002', 'sunday'),
('SCH003', 'monday'),
('SCH003', 'tuesday'),
('SCH003', 'wednesday'),
('SCH003', 'thursday'),
('SCH003', 'friday'),
('SCH003', 'saturday'),
('SCH003', 'sunday'),
('SCH004', 'monday'),
('SCH004', 'tuesday'),
('SCH004', 'wednesday'),
('SCH004', 'thursday'),
('SCH0E04', 'friday'),
('SCH004', 'saturday'),
('SCH005', 'monday'),
('SCH005', 'tuesday'),
('SCH005', 'wednesday'),
('SCH005', 'thursday'),
('SCH005', 'friday'),
('SCH005', 'saturday'),
('SCH006', 'monday'),
('SCH006', 'tuesday'),
('SCH006', 'wednesday'),
('SCH006', 'thursday'),
('SCH006', 'friday'),
('SCH006', 'saturday'),
('SCH007', 'tuesday'),
('SCH007', 'thursday'),
('SCH007', 'saturday'),
('SCH008', 'monday'),
('SCH008', 'wednesday'),
('SCH008', 'friday'),
('SCH008', 'sunday'),
('SCH009', 'tuesday'),
('SCH009', 'friday'),
('SCH009', 'sunday'),
('SCH010', 'monday'),
('SCH010', 'tuesday'),
('SCH010', 'wednesday'),
('SCH010', 'thursday'),
('SCH010', 'saturday'),
('SCH010', 'sunday');
INSERT INTO station (station_id, station_name, city, state) VALUES
('ST001', 'Mumbai Central', 'Mumbai', 'Maharashtra'),
('ST002', 'New Delhi', 'Delhi', 'Delhi'),
('ST003', 'Bengaluru City Junction', 'Bengaluru', 'Karnataka'),
('ST004', 'Chennai Central', 'Chennai', 'Tamil Nadu'),
('ST005', 'Howrah Junction', 'Kolkata', 'West Bengal'),
('ST006', 'Secunderabad Junction', 'Hyderabad', 'Telangana'),
('ST007', 'Pune Junction', 'Pune', 'Maharashtra'),
('ST008', 'Ahmedabad Junction', 'Ahmedabad', 'Gujarat'),
('ST009', 'Jaipur Junction', 'Jaipur', 'Rajasthan'),
('ST010', 'Lucknow Charbagh', 'Lucknow', 'Uttar Pradesh'),
('ST011', 'Patna Junction', 'Patna', 'Bihar'),
('ST012', 'Bhopal Junction', 'Bhopal', 'Madhya Pradesh'),
('ST013', 'Nagpur Junction', 'Nagpur', 'Maharashtra'),
('ST014', 'Surat Railway Station', 'Surat', 'Gujarat'),
('ST015', 'Varanasi Junction', 'Varanasi', 'Uttar Pradesh'),
('ST016', 'Chandigarh Junction', 'Chandigarh', 'Chandigarh'),
('ST017', 'Coimbatore Junction', 'Coimbatore', 'Tamil Nadu'),
('ST018', 'Visakhapatnam Junction', 'Visakhapatnam', 'Andhra Pradesh'),
('ST019', 'Bhubaneswar Railway Station', 'Bhubaneswar', 'Odisha'),
('ST020', 'Guwahati Railway Station', 'Guwahati', 'Assam');

-- Insert realistic schedules
INSERT INTO schedule (schedule_id, train_no, start_time, end_time, no_of_stops) VALUES
-- Long Distance Rajdhani/Duronto
('SCH001', '12301', '17:00:00', '08:30:00', 4),  -- Mumbai-Delhi (1384 km)
('SCH002', '12302', '16:30:00', '09:15:00', 4),  -- Delhi-Kolkata (1442 km)
('SCH003', '12304', '22:30:00', '14:45:00', 3),  -- Mumbai-Howrah (1965 km)

-- Day Trains (Shatabdi)
('SCH004', '12303', '06:00:00', '11:15:00', 2),  -- Delhi-Chandigarh (245 km)

-- Express/Superfast
('SCH005', '12305', '20:15:00', '18:30:00', 6),  -- Mumbai-Chennai (1288 km)
('SCH006', '12306', '07:45:00', '19:20:00', 5),  -- Bengaluru-Hyderabad (575 km)
('SCH007', '12310', '12:30:00', '16:45:00', 4),  -- Kolkata-Chennai (1662 km)

-- Shorter Routes
('SCH008', '12307', '15:20:00', '21:45:00', 3),  -- Delhi-Jaipur (300 km)
('SCH009', '12309', '06:15:00', '14:30:00', 3),  -- Delhi-Varanasi (765 km)
('SCH010', '12308', '08:30:00', '10:45:00', 5);  -- Local Passenger (short stops)

-- Insert running days
INSERT INTO running_days (schedule_id, day_name) VALUES
-- Daily Premium Trains
('SCH001', 'monday'),('SCH001', 'tuesday'),('SCH001', 'wednesday'),('SCH001', 'thursday'),('SCH001', 'friday'),('SCH001', 'saturday'),('SCH001', 'sunday'),
('SCH002', 'monday'),('SCH002', 'tuesday'),('SCH002', 'wednesday'),('SCH002', 'thursday'),('SCH002', 'friday'),('SCH002', 'saturday'),('SCH002', 'sunday'),
('SCH003', 'monday'),('SCH003', 'tuesday'),('SCH003', 'wednesday'),('SCH003', 'thursday'),('SCH003', 'friday'),('SCH003', 'saturday'),('SCH003', 'sunday'),
('SCH004', 'monday'),('SCH004', 'tuesday'),('SCH004', 'wednesday'),('SCH004', 'thursday'),('SCH004', 'friday'),('SCH004', 'saturday'),

-- 6-day week
('SCH005', 'monday'),('SCH005', 'tuesday'),('SCH005', 'wednesday'),('SCH005', 'thursday'),('SCH005', 'friday'),('SCH005', 'saturday'),
('SCH006', 'monday'),('SCH006', 'tuesday'),('SCH006', 'wednesday'),('SCH006', 'thursday'),('SCH006', 'friday'),('SCH006', 'saturday'),

-- Specific days
('SCH007', 'tuesday'),('SCH007', 'thursday'),('SCH007', 'saturday'),
('SCH008', 'monday'),('SCH008', 'wednesday'),('SCH008', 'friday'),('SCH008', 'sunday'),
('SCH009', 'tuesday'),('SCH009', 'friday'),('SCH009', 'sunday'),
('SCH010', 'monday'),('SCH010', 'tuesday'),('SCH010', 'wednesday'),('SCH010', 'thursday'),('SCH010', 'friday'),('SCH010', 'saturday'),('SCH010', 'sunday');

-- Insert realistic route stops with proper distances
INSERT INTO route_stop (route_stop_id, schedule_id, station_id, stop_sequence, arrival_time, departure_time, halt_duration, distance_from_source, day_number) VALUES
-- SCH001: Mumbai-Delhi Rajdhani (1384 km)
('RS001', 'SCH001', 'ST001', 1, '17:00:00', '17:05:00', 5, 0, 1),
('RS002', 'SCH001', 'ST014', 2, '21:30:00', '21:35:00', 5, 263, 1),
('RS003', 'SCH001', 'ST008', 3, '02:15:00', '02:20:00', 5, 493, 1),
('RS004', 'SCH001', 'ST002', 4, '08:25:00', '08:30:00', 5, 1384, 1),

-- SCH002: Delhi-Kolkata Rajdhani (1442 km)
('RS005', 'SCH002', 'ST002', 1, '16:30:00', '16:35:00', 5, 0, 1),
('RS006', 'SCH002', 'ST010', 2, '22:45:00', '22:50:00', 5, 512, 1),
('RS007', 'SCH002', 'ST011', 3, '03:15:00', '03:20:00', 5, 997, 1),
('RS008', 'SCH002', 'ST005', 4, '09:10:00', '09:15:00', 5, 1442, 1),

-- SCH003: Mumbai-Howrah Duronto (1965 km)
('RS009', 'SCH003', 'ST001', 1, '22:30:00', '22:35:00', 5, 0, 1),
('RS010', 'SCH003', 'ST013', 2, '10:15:00', '10:20:00', 5, 837, 1),
('RS011', 'SCH003', 'ST005', 3, '14:40:00', '14:45:00', 5, 1965, 1),

-- SCH004: Delhi-Chandigarh Shatabdi (245 km)
('RS012', 'SCH004', 'ST002', 1, '06:00:00', '06:05:00', 5, 0, 1),
('RS013', 'SCH004', 'ST016', 2, '08:45:00', '08:50:00', 5, 245, 1),

-- SCH005: Mumbai-Chennai Express (1288 km)
('RS014', 'SCH005', 'ST001', 1, '20:15:00', '20:20:00', 5, 0, 1),
('RS015', 'SCH005', 'ST007', 2, '23:45:00', '23:50:00', 5, 180, 1),
('RS016', 'SCH005', 'ST013', 3, '08:30:00', '08:35:00', 5, 837, 1),
('RS017', 'SCH005', 'ST006', 4, '14:15:00', '14:20:00', 5, 1120, 1),
('RS018', 'SCH005', 'ST004', 5, '18:25:00', '18:30:00', 5, 1288, 1),

-- SCH006: Bengaluru-Hyderabad Superfast (575 km)
('RS019', 'SCH006', 'ST003', 1, '07:45:00', '07:50:00', 5, 0, 1),
('RS020', 'SCH006', 'ST006', 2, '19:15:00', '19:20:00', 5, 575, 1),

-- SCH007: Kolkata-Chennai Mail (1662 km)
('RS021', 'SCH007', 'ST005', 1, '12:30:00', '12:35:00', 5, 0, 1),
('RS022', 'SCH007', 'ST019', 2, '18:45:00', '18:50:00', 5, 440, 1),
('RS023', 'SCH007', 'ST018', 3, '03:30:00', '03:35:00', 5, 1220, 1),
('RS024', 'SCH007', 'ST004', 4, '16:40:00', '16:45:00', 5, 1662, 1),

-- SCH008: Delhi-Jaipur Garib Rath (300 km)calculate_ticket_fare
('RS025', 'SCH008', 'ST002', 1, '15:20:00', '15:25:00', 5, 0, 1),
('RS026', 'SCH008', 'ST009', 2, '21:40:00', '21:45:00', 5, 300, 1),

-- SCH009: Delhi-Varanasi Vande Bharat (765 km)
('RS027', 'SCH009', 'ST002', 1, '06:15:00', '06:20:00', 5, 0, 1),
('RS028', 'SCH009', 'ST015', 2, '14:25:00', '14:30:00', 5, 765, 1),

-- SCH010: Local Passenger (short route)
('RS029', 'SCH010', 'ST001', 1, '08:30:00', '08:35:00', 2, 0, 1),
('RS030', 'SCH010', 'ST007', 2, '10:40:00', '10:45:00', 2, 180, 1);

DROP FUNCTION IF EXISTS calculate_ticket_fare;

-- Add mobile_no column to user table
ALTER TABLE user 
ADD COLUMN mobile_no VARCHAR(15);

-- Make it unique to ensure one mobile number per user
ALTER TABLE user 
ADD UNIQUE INDEX unique_mobile (mobile_no);
DESCRIBE railway_reservation_system.user;


INSERT INTO berth (berth_id, class_id, berth_no, coach_no, seat_type)
VALUES
    ('B0010001', 'CL001', 1, 1, 'Lower'),
    ('B0010002', 'CL001', 2, 1, 'Middle'),
    ('B0010003', 'CL001', 3, 1, 'Upper'),
    ('B0010004', 'CL001', 4, 1, 'Side Lower'),
    ('B0010005', 'CL001', 5, 1, 'Side Upper'),
    ('B0010006', 'CL001', 6, 1, 'Lower'),
    ('B0010007', 'CL001', 7, 1, 'Middle'),
    ('B0010008', 'CL001', 8, 1, 'Upper'),
    ('B0010009', 'CL001', 9, 1, 'Lower'),
    ('B0010010', 'CL001', 10, 1, 'Middle'),
    ('B0010011', 'CL001', 11, 1, 'Upper'),
    ('B0010012', 'CL001', 12, 1, 'Side Lower'),
    ('B0010013', 'CL001', 13, 1, 'Side Upper'),
    ('B0010014', 'CL001', 14, 1, 'Lower'),
    ('B0010015', 'CL001', 15, 1, 'Middle'),
    ('B0010016', 'CL001', 16, 1, 'Upper'),
    ('B0010017', 'CL001', 17, 1, 'Lower'),
    ('B0010018', 'CL001', 18, 1, 'Middle'),
    ('B0010019', 'CL001', 19, 1, 'Upper'),
    ('B0010020', 'CL001', 20, 1, 'Side Lower'),
    ('B0010021', 'CL001', 21, 1, 'Side Upper'),
    ('B0010022', 'CL001', 22, 1, 'Lower'),
    ('B0010023', 'CL001', 23, 1, 'Middle'),
    ('B0010024', 'CL001', 24, 1, 'Upper'),
    ('B0010025', 'CL001', 1, 2, 'Lower'),
    ('B0010026', 'CL001', 2, 2, 'Middle'),
    ('B0010027', 'CL001', 3, 2, 'Upper'),
    ('B0010028', 'CL001', 4, 2, 'Side Lower'),
    ('B0010029', 'CL001', 5, 2, 'Side Upper'),
    ('B0010030', 'CL001', 6, 2, 'Lower'),
    ('B0010031', 'CL001', 7, 2, 'Middle'),
    ('B0010032', 'CL001', 8, 2, 'Upper'),
    ('B0010033', 'CL001', 9, 2, 'Lower'),
    ('B0010034', 'CL001', 10, 2, 'Middle'),
    ('B0010035', 'CL001', 11, 2, 'Upper'),
    ('B0010036', 'CL001', 12, 2, 'Side Lower'),
    ('B0010037', 'CL001', 13, 2, 'Side Upper'),
    ('B0010038', 'CL001', 14, 2, 'Lower'),
    ('B0010039', 'CL001', 15, 2, 'Middle'),
    ('B0010040', 'CL001', 16, 2, 'Upper'),
    ('B0010041', 'CL001', 17, 2, 'Lower'),
    ('B0010042', 'CL001', 18, 2, 'Middle'),
    ('B0010043', 'CL001', 19, 2, 'Upper'),
    ('B0010044', 'CL001', 20, 2, 'Side Lower'),
    ('B0010045', 'CL001', 21, 2, 'Side Upper'),
    ('B0010046', 'CL001', 22, 2, 'Lower'),
    ('B0010047', 'CL001', 23, 2, 'Middle'),
    ('B0010048', 'CL001', 24, 2, 'Upper'),
    ('B0020001', 'CL002', 1, 1, 'Lower'),
    ('B0020002', 'CL002', 2, 1, 'Middle'),
    ('B0020003', 'CL002', 3, 1, 'Upper'),
    ('B0020004', 'CL002', 4, 1, 'Side Lower'),
    ('B0020005', 'CL002', 5, 1, 'Side Upper'),
    ('B0020006', 'CL002', 6, 1, 'Lower'),
    ('B0020007', 'CL002', 7, 1, 'Middle'),
    ('B0020008', 'CL002', 8, 1, 'Upper'),
    ('B0020009', 'CL002', 9, 1, 'Lower'),
    ('B0020010', 'CL002', 10, 1, 'Middle'),
    ('B0020011', 'CL002', 11, 1, 'Upper'),
    ('B0020012', 'CL002', 12, 1, 'Side Lower'),
    ('B0020013', 'CL002', 13, 1, 'Side Upper'),
    ('B0020014', 'CL002', 14, 1, 'Lower'),
    ('B0020015', 'CL002', 15, 1, 'Middle'),
    ('B0020016', 'CL002', 16, 1, 'Upper'),
    ('B0020017', 'CL002', 17, 1, 'Lower'),
    ('B0020018', 'CL002', 18, 1, 'Middle'),
    ('B0020019', 'CL002', 19, 1, 'Upper'),
    ('B0020020', 'CL002', 20, 1, 'Side Lower'),
    ('B0020021', 'CL002', 21, 1, 'Side Upper'),
    ('B0020022', 'CL002', 22, 1, 'Lower'),
    ('B0020023', 'CL002', 23, 1, 'Middle'),
    ('B0020024', 'CL002', 24, 1, 'Upper'),
    ('B0020025', 'CL002', 25, 1, 'Lower'),
    ('B0020026', 'CL002', 26, 1, 'Middle'),
    ('B0020027', 'CL002', 27, 1, 'Upper'),
    ('B0020028', 'CL002', 28, 1, 'Side Lower'),
    ('B0020029', 'CL002', 29, 1, 'Side Upper'),
    ('B0020030', 'CL002', 30, 1, 'Lower'),
    ('B0020031', 'CL002', 31, 1, 'Middle'),
    ('B0020032', 'CL002', 32, 1, 'Upper'),
    ('B0020033', 'CL002', 33, 1, 'Lower'),
    ('B0020034', 'CL002', 34, 1, 'Middle'),
    ('B0020035', 'CL002', 35, 1, 'Upper'),
    ('B0020036', 'CL002', 36, 1, 'Side Lower'),
    ('B0020037', 'CL002', 37, 1, 'Side Upper'),
    ('B0020038', 'CL002', 38, 1, 'Lower'),
    ('B0020039', 'CL002', 39, 1, 'Middle'),
    ('B0020040', 'CL002', 40, 1, 'Upper'),
    ('B0020041', 'CL002', 41, 1, 'Lower'),
    ('B0020042', 'CL002', 42, 1, 'Middle'),
    ('B0020043', 'CL002', 43, 1, 'Upper'),
    ('B0020044', 'CL002', 44, 1, 'Side Lower'),
    ('B0020045', 'CL002', 45, 1, 'Side Upper'),
    ('B0020046', 'CL002', 46, 1, 'Lower'),
    ('B0020047', 'CL002', 47, 1, 'Middle'),
    ('B0020048', 'CL002', 48, 1, 'Upper'),
    ('B0020049', 'CL002', 1, 2, 'Lower'),
    ('B0020050', 'CL002', 2, 2, 'Middle'),
    ('B0020051', 'CL002', 3, 2, 'Upper'),
    ('B0020052', 'CL002', 4, 2, 'Side Lower'),
    ('B0020053', 'CL002', 5, 2, 'Side Upper'),
    ('B0020054', 'CL002', 6, 2, 'Lower'),
    ('B0020055', 'CL002', 7, 2, 'Middle'),
    ('B0020056', 'CL002', 8, 2, 'Upper'),
    ('B0020057', 'CL002', 9, 2, 'Lower'),
    ('B0020058', 'CL002', 10, 2, 'Middle'),
    ('B0020059', 'CL002', 11, 2, 'Upper'),
    ('B0020060', 'CL002', 12, 2, 'Side Lower'),
    ('B0020061', 'CL002', 13, 2, 'Side Upper'),
    ('B0020062', 'CL002', 14, 2, 'Lower'),
    ('B0020063', 'CL002', 15, 2, 'Middle'),
    ('B0020064', 'CL002', 16, 2, 'Upper'),
    ('B0020065', 'CL002', 17, 2, 'Lower'),
    ('B0020066', 'CL002', 18, 2, 'Middle'),
    ('B0020067', 'CL002', 19, 2, 'Upper'),
    ('B0020068', 'CL002', 20, 2, 'Side Lower'),
    ('B0020069', 'CL002', 21, 2, 'Side Upper'),
    ('B0020070', 'CL002', 22, 2, 'Lower'),
    ('B0020071', 'CL002', 23, 2, 'Middle'),
    ('B0020072', 'CL002', 24, 2, 'Upper'),
    ('B0020073', 'CL002', 25, 2, 'Lower'),
    ('B0020074', 'CL002', 26, 2, 'Middle'),
    ('B0020075', 'CL002', 27, 2, 'Upper'),
    ('B0020076', 'CL002', 28, 2, 'Side Lower'),
    ('B0020077', 'CL002', 29, 2, 'Side Upper'),
    ('B0020078', 'CL002', 30, 2, 'Lower'),
    ('B0020079', 'CL002', 31, 2, 'Middle'),
    ('B0020080', 'CL002', 32, 2, 'Upper'),
    ('B0020081', 'CL002', 33, 2, 'Lower'),
    ('B0020082', 'CL002', 34, 2, 'Middle'),
    ('B0020083', 'CL002', 35, 2, 'Upper'),
    ('B0020084', 'CL002', 36, 2, 'Side Lower'),
    ('B0020085', 'CL002', 37, 2, 'Side Upper'),
    ('B0020086', 'CL002', 38, 2, 'Lower'),
    ('B0020087', 'CL002', 39, 2, 'Middle'),
    ('B0020088', 'CL002', 40, 2, 'Upper'),
    ('B0020089', 'CL002', 41, 2, 'Lower'),
    ('B0020090', 'CL002', 42, 2, 'Middle'),
    ('B0020091', 'CL002', 43, 2, 'Upper'),
    ('B0020092', 'CL002', 44, 2, 'Side Lower'),
    ('B0020093', 'CL002', 45, 2, 'Side Upper'),
    ('B0020094', 'CL002', 46, 2, 'Lower'),
    ('B0020095', 'CL002', 47, 2, 'Middle'),
    ('B0020096', 'CL002', 48, 2, 'Upper'),
    ('B0020097', 'CL002', 1, 3, 'Lower'),
    ('B0020098', 'CL002', 2, 3, 'Middle'),
    ('B0020099', 'CL002', 3, 3, 'Upper'),
    ('B0020100', 'CL002', 4, 3, 'Side Lower'),
    ('B0020101', 'CL002', 5, 3, 'Side Upper'),
    ('B0020102', 'CL002', 6, 3, 'Lower'),
    ('B0020103', 'CL002', 7, 3, 'Middle'),
    ('B0020104', 'CL002', 8, 3, 'Upper'),
    ('B0020105', 'CL002', 9, 3, 'Lower'),
    ('B0020106', 'CL002', 10, 3, 'Middle'),
    ('B0020107', 'CL002', 11, 3, 'Upper'),
    ('B0020108', 'CL002', 12, 3, 'Side Lower'),
    ('B0020109', 'CL002', 13, 3, 'Side Upper'),
    ('B0020110', 'CL002', 14, 3, 'Lower'),
    ('B0020111', 'CL002', 15, 3, 'Middle'),
    ('B0020112', 'CL002', 16, 3, 'Upper'),
    ('B0020113', 'CL002', 17, 3, 'Lower'),
    ('B0020114', 'CL002', 18, 3, 'Middle'),
    ('B0020115', 'CL002', 19, 3, 'Upper'),
    ('B0020116', 'CL002', 20, 3, 'Side Lower'),
    ('B0020117', 'CL002', 21, 3, 'Side Upper'),
    ('B0020118', 'CL002', 22, 3, 'Lower'),
    ('B0020119', 'CL002', 23, 3, 'Middle'),
    ('B0020120', 'CL002', 24, 3, 'Upper'),
    ('B0020121', 'CL002', 25, 3, 'Lower'),
    ('B0020122', 'CL002', 26, 3, 'Middle'),
    ('B0020123', 'CL002', 27, 3, 'Upper'),
    ('B0020124', 'CL002', 28, 3, 'Side Lower'),
    ('B0020125', 'CL002', 29, 3, 'Side Upper'),
    ('B0020126', 'CL002', 30, 3, 'Lower'),
    ('B0020127', 'CL002', 31, 3, 'Middle'),
    ('B0020128', 'CL002', 32, 3, 'Upper'),
    ('B0020129', 'CL002', 33, 3, 'Lower'),
    ('B0020130', 'CL002', 34, 3, 'Middle'),
    ('B0020131', 'CL002', 35, 3, 'Upper'),
    ('B0020132', 'CL002', 36, 3, 'Side Lower'),
    ('B0020133', 'CL002', 37, 3, 'Side Upper'),
    ('B0020134', 'CL002', 38, 3, 'Lower'),
    ('B0020135', 'CL002', 39, 3, 'Middle'),
    ('B0020136', 'CL002', 40, 3, 'Upper'),
    ('B0020137', 'CL002', 41, 3, 'Lower'),
    ('B0020138', 'CL002', 42, 3, 'Middle'),
    ('B0020139', 'CL002', 43, 3, 'Upper'),
    ('B0020140', 'CL002', 44, 3, 'Side Lower'),
    ('B0020141', 'CL002', 45, 3, 'Side Upper'),
    ('B0020142', 'CL002', 46, 3, 'Lower'),
    ('B0020143', 'CL002', 47, 3, 'Middle'),
    ('B0020144', 'CL002', 48, 3, 'Upper'),
    ('B0020145', 'CL002', 1, 4, 'Lower'),
    ('B0020146', 'CL002', 2, 4, 'Middle'),
    ('B0020147', 'CL002', 3, 4, 'Upper'),
    ('B0020148', 'CL002', 4, 4, 'Side Lower'),
    ('B0020149', 'CL002', 5, 4, 'Side Upper'),
    ('B0020150', 'CL002', 6, 4, 'Lower'),
    ('B0020151', 'CL002', 7, 4, 'Middle'),
    ('B0020152', 'CL002', 8, 4, 'Upper'),
    ('B0020153', 'CL002', 9, 4, 'Lower'),
    ('B0020154', 'CL002', 10, 4, 'Middle'),
    ('B0020155', 'CL002', 11, 4, 'Upper'),
    ('B0020156', 'CL002', 12, 4, 'Side Lower'),
    ('B0020157', 'CL002', 13, 4, 'Side Upper'),
    ('B0020158', 'CL002', 14, 4, 'Lower'),
    ('B0020159', 'CL002', 15, 4, 'Middle'),
    ('B0020160', 'CL002', 16, 4, 'Upper'),
    ('B0020161', 'CL002', 17, 4, 'Lower'),
    ('B0020162', 'CL002', 18, 4, 'Middle'),
    ('B0020163', 'CL002', 19, 4, 'Upper'),
    ('B0020164', 'CL002', 20, 4, 'Side Lower'),
    ('B0020165', 'CL002', 21, 4, 'Side Upper'),
    ('B0020166', 'CL002', 22, 4, 'Lower'),
    ('B0020167', 'CL002', 23, 4, 'Middle'),
    ('B0020168', 'CL002', 24, 4, 'Upper'),
    ('B0020169', 'CL002', 25, 4, 'Lower'),
    ('B0020170', 'CL002', 26, 4, 'Middle'),
    ('B0020171', 'CL002', 27, 4, 'Upper'),
    ('B0020172', 'CL002', 28, 4, 'Side Lower'),
    ('B0020173', 'CL002', 29, 4, 'Side Upper'),
    ('B0020174', 'CL002', 30, 4, 'Lower'),
    ('B0020175', 'CL002', 31, 4, 'Middle'),
    ('B0020176', 'CL002', 32, 4, 'Upper'),
    ('B0020177', 'CL002', 33, 4, 'Lower'),
    ('B0020178', 'CL002', 34, 4, 'Middle'),
    ('B0020179', 'CL002', 35, 4, 'Upper'),
    ('B0020180', 'CL002', 36, 4, 'Side Lower'),
    ('B0020181', 'CL002', 37, 4, 'Side Upper'),
    ('B0020182', 'CL002', 38, 4, 'Lower'),
    ('B0020183', 'CL002', 39, 4, 'Middle'),
    ('B0020184', 'CL002', 40, 4, 'Upper'),
    ('B0020185', 'CL002', 41, 4, 'Lower'),
    ('B0020186', 'CL002', 42, 4, 'Middle'),
    ('B0020187', 'CL002', 43, 4, 'Upper'),
    ('B0020188', 'CL002', 44, 4, 'Side Lower'),
    ('B0020189', 'CL002', 45, 4, 'Side Upper'),
    ('B0020190', 'CL002', 46, 4, 'Lower'),
    ('B0020191', 'CL002', 47, 4, 'Middle'),
    ('B0020192', 'CL002', 48, 4, 'Upper'),
    ('B0030001', 'CL003', 1, 1, 'Lower'),
    ('B0030002', 'CL003', 2, 1, 'Middle'),
    ('B0030003', 'CL003', 3, 1, 'Upper'),
    ('B0030004', 'CL003', 4, 1, 'Side Lower'),
    ('B0030005', 'CL003', 5, 1, 'Side Upper'),
    ('B0030006', 'CL003', 6, 1, 'Lower'),
    ('B0030007', 'CL003', 7, 1, 'Middle'),
    ('B0030008', 'CL003', 8, 1, 'Upper'),
    ('B0030009', 'CL003', 9, 1, 'Lower'),
    ('B0030010', 'CL003', 10, 1, 'Middle'),
    ('B0030011', 'CL003', 11, 1, 'Upper'),
    ('B0030012', 'CL003', 12, 1, 'Side Lower'),
    ('B0030013', 'CL003', 13, 1, 'Side Upper'),
    ('B0030014', 'CL003', 14, 1, 'Lower'),
    ('B0030015', 'CL003', 15, 1, 'Middle'),
    ('B0030016', 'CL003', 16, 1, 'Upper'),
    ('B0030017', 'CL003', 17, 1, 'Lower'),
    ('B0030018', 'CL003', 18, 1, 'Middle'),
    ('B0030019', 'CL003', 19, 1, 'Upper'),
    ('B0030020', 'CL003', 20, 1, 'Side Lower'),
    ('B0030021', 'CL003', 21, 1, 'Side Upper'),
    ('B0030022', 'CL003', 22, 1, 'Lower'),
    ('B0030023', 'CL003', 23, 1, 'Middle'),
    ('B0030024', 'CL003', 24, 1, 'Upper'),
    ('B0030025', 'CL003', 25, 1, 'Lower'),
    ('B0030026', 'CL003', 26, 1, 'Middle'),
    ('B0030027', 'CL003', 27, 1, 'Upper'),
    ('B0030028', 'CL003', 28, 1, 'Side Lower'),
    ('B0030029', 'CL003', 29, 1, 'Side Upper'),
    ('B0030030', 'CL003', 30, 1, 'Lower'),
    ('B0030031', 'CL003', 31, 1, 'Middle'),
    ('B0030032', 'CL003', 32, 1, 'Upper'),
    ('B0030033', 'CL003', 33, 1, 'Lower'),
    ('B0030034', 'CL003', 34, 1, 'Middle'),
    ('B0030035', 'CL003', 35, 1, 'Upper'),
    ('B0030036', 'CL003', 36, 1, 'Side Lower'),
    ('B0030037', 'CL003', 37, 1, 'Side Upper'),
    ('B0030038', 'CL003', 38, 1, 'Lower'),
    ('B0030039', 'CL003', 39, 1, 'Middle'),
    ('B0030040', 'CL003', 40, 1, 'Upper'),
    ('B0030041', 'CL003', 41, 1, 'Lower'),
    ('B0030042', 'CL003', 42, 1, 'Middle'),
    ('B0030043', 'CL003', 43, 1, 'Upper'),
    ('B0030044', 'CL003', 44, 1, 'Side Lower'),
    ('B0030045', 'CL003', 45, 1, 'Side Upper'),
    ('B0030046', 'CL003', 46, 1, 'Lower'),
    ('B0030047', 'CL003', 47, 1, 'Middle'),
    ('B0030048', 'CL003', 48, 1, 'Upper'),
    ('B0030049', 'CL003', 49, 1, 'Lower'),
    ('B0030050', 'CL003', 50, 1, 'Middle'),
    ('B0030051', 'CL003', 51, 1, 'Upper'),
    ('B0030052', 'CL003', 52, 1, 'Side Lower'),
    ('B0030053', 'CL003', 53, 1, 'Side Upper'),
    ('B0030054', 'CL003', 54, 1, 'Lower'),
    ('B0030055', 'CL003', 55, 1, 'Middle'),
    ('B0030056', 'CL003', 56, 1, 'Upper'),
    ('B0030057', 'CL003', 57, 1, 'Lower'),
    ('B0030058', 'CL003', 58, 1, 'Middle'),
    ('B0030059', 'CL003', 59, 1, 'Upper'),
    ('B0030060', 'CL003', 60, 1, 'Side Lower'),
    ('B0030061', 'CL003', 61, 1, 'Side Upper'),
    ('B0030062', 'CL003', 62, 1, 'Lower'),
    ('B0030063', 'CL003', 63, 1, 'Middle'),
    ('B0030064', 'CL003', 64, 1, 'Upper'),
    ('B0030065', 'CL003', 65, 1, 'Lower'),
    ('B0030066', 'CL003', 66, 1, 'Middle'),
    ('B0030067', 'CL003', 67, 1, 'Upper'),
    ('B0030068', 'CL003', 68, 1, 'Side Lower'),
    ('B0030069', 'CL003', 69, 1, 'Side Upper'),
    ('B0030070', 'CL003', 70, 1, 'Lower'),
    ('B0030071', 'CL003', 71, 1, 'Middle'),
    ('B0030072', 'CL003', 72, 1, 'Upper'),
    ('B0030073', 'CL003', 1, 2, 'Lower'),
    ('B0030074', 'CL003', 2, 2, 'Middle'),
    ('B0030075', 'CL003', 3, 2, 'Upper'),
    ('B0030076', 'CL003', 4, 2, 'Side Lower'),
    ('B0030077', 'CL003', 5, 2, 'Side Upper'),
    ('B0030078', 'CL003', 6, 2, 'Lower'),
    ('B0030079', 'CL003', 7, 2, 'Middle'),
    ('B0030080', 'CL003', 8, 2, 'Upper'),
    ('B0030081', 'CL003', 9, 2, 'Lower'),
    ('B0030082', 'CL003', 10, 2, 'Middle'),
    ('B0030083', 'CL003', 11, 2, 'Upper'),
    ('B0030084', 'CL003', 12, 2, 'Side Lower'),
    ('B0030085', 'CL003', 13, 2, 'Side Upper'),
    ('B0030086', 'CL003', 14, 2, 'Lower'),
    ('B0030087', 'CL003', 15, 2, 'Middle'),
    ('B0030088', 'CL003', 16, 2, 'Upper'),
    ('B0030089', 'CL003', 17, 2, 'Lower'),
    ('B0030090', 'CL003', 18, 2, 'Middle'),
    ('B0030091', 'CL003', 19, 2, 'Upper'),
    ('B0030092', 'CL003', 20, 2, 'Side Lower'),
    ('B0030093', 'CL003', 21, 2, 'Side Upper'),
    ('B0030094', 'CL003', 22, 2, 'Lower'),
    ('B0030095', 'CL003', 23, 2, 'Middle'),
    ('B0030096', 'CL003', 24, 2, 'Upper'),
    ('B0030097', 'CL003', 25, 2, 'Lower'),
    ('B0030098', 'CL003', 26, 2, 'Middle'),
    ('B0030099', 'CL003', 27, 2, 'Upper'),
    ('B0030100', 'CL003', 28, 2, 'Side Lower'),
    ('B0030101', 'CL003', 29, 2, 'Side Upper'),
    ('B0030102', 'CL003', 30, 2, 'Lower'),
    ('B0030103', 'CL003', 31, 2, 'Middle'),
    ('B0030104', 'CL003', 32, 2, 'Upper'),
    ('B0030105', 'CL003', 33, 2, 'Lower'),
    ('B0030106', 'CL003', 34, 2, 'Middle'),
    ('B0030107', 'CL003', 35, 2, 'Upper'),
    ('B0030108', 'CL003', 36, 2, 'Side Lower'),
    ('B0030109', 'CL003', 37, 2, 'Side Upper'),
    ('B0030110', 'CL003', 38, 2, 'Lower'),
    ('B0030111', 'CL003', 39, 2, 'Middle'),
    ('B0030112', 'CL003', 40, 2, 'Upper'),
    ('B0030113', 'CL003', 41, 2, 'Lower'),
    ('B0030114', 'CL003', 42, 2, 'Middle'),
    ('B0030115', 'CL003', 43, 2, 'Upper'),
    ('B0030116', 'CL003', 44, 2, 'Side Lower'),
    ('B0030117', 'CL003', 45, 2, 'Side Upper'),
    ('B0030118', 'CL003', 46, 2, 'Lower'),
    ('B0030119', 'CL003', 47, 2, 'Middle'),
    ('B0030120', 'CL003', 48, 2, 'Upper'),
    ('B0030121', 'CL003', 49, 2, 'Lower'),
    ('B0030122', 'CL003', 50, 2, 'Middle'),
    ('B0030123', 'CL003', 51, 2, 'Upper'),
    ('B0030124', 'CL003', 52, 2, 'Side Lower'),
    ('B0030125', 'CL003', 53, 2, 'Side Upper'),
    ('B0030126', 'CL003', 54, 2, 'Lower'),
    ('B0030127', 'CL003', 55, 2, 'Middle'),
    ('B0030128', 'CL003', 56, 2, 'Upper'),
    ('B0030129', 'CL003', 57, 2, 'Lower'),
    ('B0030130', 'CL003', 58, 2, 'Middle'),
    ('B0030131', 'CL003', 59, 2, 'Upper'),
    ('B0030132', 'CL003', 60, 2, 'Side Lower'),
    ('B0030133', 'CL003', 61, 2, 'Side Upper'),
    ('B0030134', 'CL003', 62, 2, 'Lower'),
    ('B0030135', 'CL003', 63, 2, 'Middle'),
    ('B0030136', 'CL003', 64, 2, 'Upper'),
    ('B0030137', 'CL003', 65, 2, 'Lower'),
    ('B0030138', 'CL003', 66, 2, 'Middle'),
    ('B0030139', 'CL003', 67, 2, 'Upper'),
    ('B0030140', 'CL003', 68, 2, 'Side Lower'),
    ('B0030141', 'CL003', 69, 2, 'Side Upper'),
    ('B0030142', 'CL003', 70, 2, 'Lower'),
    ('B0030143', 'CL003', 71, 2, 'Middle'),
    ('B0030144', 'CL003', 72, 2, 'Upper'),
    ('B0030145', 'CL003', 1, 3, 'Lower'),
    ('B0030146', 'CL003', 2, 3, 'Middle'),
    ('B0030147', 'CL003', 3, 3, 'Upper'),
    ('B0030148', 'CL003', 4, 3, 'Side Lower'),
    ('B0030149', 'CL003', 5, 3, 'Side Upper'),
    ('B0030150', 'CL003', 6, 3, 'Lower'),
    ('B0030151', 'CL003', 7, 3, 'Middle'),
    ('B0030152', 'CL003', 8, 3, 'Upper'),
    ('B0030153', 'CL003', 9, 3, 'Lower'),
    ('B0030154', 'CL003', 10, 3, 'Middle'),
    ('B0030155', 'CL003', 11, 3, 'Upper'),
    ('B0030156', 'CL003', 12, 3, 'Side Lower'),
    ('B0030157', 'CL003', 13, 3, 'Side Upper'),
    ('B0030158', 'CL003', 14, 3, 'Lower'),
    ('B0030159', 'CL003', 15, 3, 'Middle'),
    ('B0030160', 'CL003', 16, 3, 'Upper'),
    ('B0030161', 'CL003', 17, 3, 'Lower'),
    ('B0030162', 'CL003', 18, 3, 'Middle'),
    ('B0030163', 'CL003', 19, 3, 'Upper'),
    ('B0030164', 'CL003', 20, 3, 'Side Lower'),
    ('B0030165', 'CL003', 21, 3, 'Side Upper'),
    ('B0030166', 'CL003', 22, 3, 'Lower'),
    ('B0030167', 'CL003', 23, 3, 'Middle'),
    ('B0030168', 'CL003', 24, 3, 'Upper'),
    ('B0030169', 'CL003', 25, 3, 'Lower'),
    ('B0030170', 'CL003', 26, 3, 'Middle'),
    ('B0030171', 'CL003', 27, 3, 'Upper'),
    ('B0030172', 'CL003', 28, 3, 'Side Lower'),
    ('B0030173', 'CL003', 29, 3, 'Side Upper'),
    ('B0030174', 'CL003', 30, 3, 'Lower'),
    ('B0030175', 'CL003', 31, 3, 'Middle'),
    ('B0030176', 'CL003', 32, 3, 'Upper'),
    ('B0030177', 'CL003', 33, 3, 'Lower'),
    ('B0030178', 'CL003', 34, 3, 'Middle'),
    ('B0030179', 'CL003', 35, 3, 'Upper'),
    ('B0030180', 'CL003', 36, 3, 'Side Lower'),
    ('B0030181', 'CL003', 37, 3, 'Side Upper'),
    ('B0030182', 'CL003', 38, 3, 'Lower'),
    ('B0030183', 'CL003', 39, 3, 'Middle'),
    ('B0030184', 'CL003', 40, 3, 'Upper'),
    ('B0030185', 'CL003', 41, 3, 'Lower'),
    ('B0030186', 'CL003', 42, 3, 'Middle'),
    ('B0030187', 'CL003', 43, 3, 'Upper'),
    ('B0030188', 'CL003', 44, 3, 'Side Lower'),
    ('B0030189', 'CL003', 45, 3, 'Side Upper'),
    ('B0030190', 'CL003', 46, 3, 'Lower'),
    ('B0030191', 'CL003', 47, 3, 'Middle'),
    ('B0030192', 'CL003', 48, 3, 'Upper'),
    ('B0030193', 'CL003', 49, 3, 'Lower'),
    ('B0030194', 'CL003', 50, 3, 'Middle'),
    ('B0030195', 'CL003', 51, 3, 'Upper'),
    ('B0030196', 'CL003', 52, 3, 'Side Lower'),
    ('B0030197', 'CL003', 53, 3, 'Side Upper'),
    ('B0030198', 'CL003', 54, 3, 'Lower'),
    ('B0030199', 'CL003', 55, 3, 'Middle'),
    ('B0030200', 'CL003', 56, 3, 'Upper'),
    ('B0030201', 'CL003', 57, 3, 'Lower'),
    ('B0030202', 'CL003', 58, 3, 'Middle'),
    ('B0030203', 'CL003', 59, 3, 'Upper'),
    ('B0030204', 'CL003', 60, 3, 'Side Lower'),
    ('B0030205', 'CL003', 61, 3, 'Side Upper'),
    ('B0030206', 'CL003', 62, 3, 'Lower'),
    ('B0030207', 'CL003', 63, 3, 'Middle'),
    ('B0030208', 'CL003', 64, 3, 'Upper'),
    ('B0030209', 'CL003', 65, 3, 'Lower'),
    ('B0030210', 'CL003', 66, 3, 'Middle'),
    ('B0030211', 'CL003', 67, 3, 'Upper'),
    ('B0030212', 'CL003', 68, 3, 'Side Lower'),
    ('B0030213', 'CL003', 69, 3, 'Side Upper'),
    ('B0030214', 'CL003', 70, 3, 'Lower'),
    ('B0030215', 'CL003', 71, 3, 'Middle'),
    ('B0030216', 'CL003', 72, 3, 'Upper'),
    ('B0030217', 'CL003', 1, 4, 'Lower'),
    ('B0030218', 'CL003', 2, 4, 'Middle'),
    ('B0030219', 'CL003', 3, 4, 'Upper'),
    ('B0030220', 'CL003', 4, 4, 'Side Lower'),
    ('B0030221', 'CL003', 5, 4, 'Side Upper'),
    ('B0030222', 'CL003', 6, 4, 'Lower'),
    ('B0030223', 'CL003', 7, 4, 'Middle'),
    ('B0030224', 'CL003', 8, 4, 'Upper'),
    ('B0030225', 'CL003', 9, 4, 'Lower'),
    ('B0030226', 'CL003', 10, 4, 'Middle'),
    ('B0030227', 'CL003', 11, 4, 'Upper'),
    ('B0030228', 'CL003', 12, 4, 'Side Lower'),
    ('B0030229', 'CL003', 13, 4, 'Side Upper'),
    ('B0030230', 'CL003', 14, 4, 'Lower'),
    ('B0030231', 'CL003', 15, 4, 'Middle'),
    ('B0030232', 'CL003', 16, 4, 'Upper'),
    ('B0030233', 'CL003', 17, 4, 'Lower'),
    ('B0030234', 'CL003', 18, 4, 'Middle'),
    ('B0030235', 'CL003', 19, 4, 'Upper'),
    ('B0030236', 'CL003', 20, 4, 'Side Lower'),
    ('B0030237', 'CL003', 21, 4, 'Side Upper'),
    ('B0030238', 'CL003', 22, 4, 'Lower'),
    ('B0030239', 'CL003', 23, 4, 'Middle'),
    ('B0030240', 'CL003', 24, 4, 'Upper'),
    ('B0030241', 'CL003', 25, 4, 'Lower'),
    ('B0030242', 'CL003', 26, 4, 'Middle'),
    ('B0030243', 'CL003', 27, 4, 'Upper'),
    ('B0030244', 'CL003', 28, 4, 'Side Lower'),
    ('B0030245', 'CL003', 29, 4, 'Side Upper'),
    ('B0030246', 'CL003', 30, 4, 'Lower'),
    ('B0030247', 'CL003', 31, 4, 'Middle'),
    ('B0030248', 'CL003', 32, 4, 'Upper'),
    ('B0030249', 'CL003', 33, 4, 'Lower'),
    ('B0030250', 'CL003', 34, 4, 'Middle'),
    ('B0030251', 'CL003', 35, 4, 'Upper'),
    ('B0030252', 'CL003', 36, 4, 'Side Lower'),
    ('B0030253', 'CL003', 37, 4, 'Side Upper'),
    ('B0030254', 'CL003', 38, 4, 'Lower'),
    ('B0030255', 'CL003', 39, 4, 'Middle'),
    ('B0030256', 'CL003', 40, 4, 'Upper'),
    ('B0030257', 'CL003', 41, 4, 'Lower'),
    ('B0030258', 'CL003', 42, 4, 'Middle'),
    ('B0030259', 'CL003', 43, 4, 'Upper'),
    ('B0030260', 'CL003', 44, 4, 'Side Lower'),
    ('B0030261', 'CL003', 45, 4, 'Side Upper'),
    ('B0030262', 'CL003', 46, 4, 'Lower'),
    ('B0030263', 'CL003', 47, 4, 'Middle'),
    ('B0030264', 'CL003', 48, 4, 'Upper'),
    ('B0030265', 'CL003', 49, 4, 'Lower'),
    ('B0030266', 'CL003', 50, 4, 'Middle'),
    ('B0030267', 'CL003', 51, 4, 'Upper'),
    ('B0030268', 'CL003', 52, 4, 'Side Lower'),
    ('B0030269', 'CL003', 53, 4, 'Side Upper'),
    ('B0030270', 'CL003', 54, 4, 'Lower'),
    ('B0030271', 'CL003', 55, 4, 'Middle'),
    ('B0030272', 'CL003', 56, 4, 'Upper'),
    ('B0030273', 'CL003', 57, 4, 'Lower'),
    ('B0030274', 'CL003', 58, 4, 'Middle'),
    ('B0030275', 'CL003', 59, 4, 'Upper'),
    ('B0030276', 'CL003', 60, 4, 'Side Lower'),
    ('B0030277', 'CL003', 61, 4, 'Side Upper'),
    ('B0030278', 'CL003', 62, 4, 'Lower'),
    ('B0030279', 'CL003', 63, 4, 'Middle'),
    ('B0030280', 'CL003', 64, 4, 'Upper'),
    ('B0030281', 'CL003', 65, 4, 'Lower'),
    ('B0030282', 'CL003', 66, 4, 'Middle'),
    ('B0030283', 'CL003', 67, 4, 'Upper'),
    ('B0030284', 'CL003', 68, 4, 'Side Lower'),
    ('B0030285', 'CL003', 69, 4, 'Side Upper'),
    ('B0030286', 'CL003', 70, 4, 'Lower'),
    ('B0030287', 'CL003', 71, 4, 'Middle'),
    ('B0030288', 'CL003', 72, 4, 'Upper'),
    ('B0030289', 'CL003', 1, 5, 'Lower'),
    ('B0030290', 'CL003', 2, 5, 'Middle'),
    ('B0030291', 'CL003', 3, 5, 'Upper'),
    ('B0030292', 'CL003', 4, 5, 'Side Lower'),
    ('B0030293', 'CL003', 5, 5, 'Side Upper'),
    ('B0030294', 'CL003', 6, 5, 'Lower'),
    ('B0030295', 'CL003', 7, 5, 'Middle'),
    ('B0030296', 'CL003', 8, 5, 'Upper'),
    ('B0030297', 'CL003', 9, 5, 'Lower'),
    ('B0030298', 'CL003', 10, 5, 'Middle'),
    ('B0030299', 'CL003', 11, 5, 'Upper'),
    ('B0030300', 'CL003', 12, 5, 'Side Lower'),
    ('B0030301', 'CL003', 13, 5, 'Side Upper'),
    ('B0030302', 'CL003', 14, 5, 'Lower'),
    ('B0030303', 'CL003', 15, 5, 'Middle'),
    ('B0030304', 'CL003', 16, 5, 'Upper'),
    ('B0030305', 'CL003', 17, 5, 'Lower'),
    ('B0030306', 'CL003', 18, 5, 'Middle'),
    ('B0030307', 'CL003', 19, 5, 'Upper'),
    ('B0030308', 'CL003', 20, 5, 'Side Lower'),
    ('B0030309', 'CL003', 21, 5, 'Side Upper'),
    ('B0030310', 'CL003', 22, 5, 'Lower'),
    ('B0030311', 'CL003', 23, 5, 'Middle'),
    ('B0030312', 'CL003', 24, 5, 'Upper'),
    ('B0030313', 'CL003', 25, 5, 'Lower'),
    ('B0030314', 'CL003', 26, 5, 'Middle'),
    ('B0030315', 'CL003', 27, 5, 'Upper'),
    ('B0030316', 'CL003', 28, 5, 'Side Lower'),
    ('B0030317', 'CL003', 29, 5, 'Side Upper'),
    ('B0030318', 'CL003', 30, 5, 'Lower'),
    ('B0030319', 'CL003', 31, 5, 'Middle'),
    ('B0030320', 'CL003', 32, 5, 'Upper'),
    ('B0030321', 'CL003', 33, 5, 'Lower'),
    ('B0030322', 'CL003', 34, 5, 'Middle'),
    ('B0030323', 'CL003', 35, 5, 'Upper'),
    ('B0030324', 'CL003', 36, 5, 'Side Lower'),
    ('B0030325', 'CL003', 37, 5, 'Side Upper'),
    ('B0030326', 'CL003', 38, 5, 'Lower'),
    ('B0030327', 'CL003', 39, 5, 'Middle'),
    ('B0030328', 'CL003', 40, 5, 'Upper'),
    ('B0030329', 'CL003', 41, 5, 'Lower'),
    ('B0030330', 'CL003', 42, 5, 'Middle'),
    ('B0030331', 'CL003', 43, 5, 'Upper'),
    ('B0030332', 'CL003', 44, 5, 'Side Lower'),
    ('B0030333', 'CL003', 45, 5, 'Side Upper'),
    ('B0030334', 'CL003', 46, 5, 'Lower'),
    ('B0030335', 'CL003', 47, 5, 'Middle'),
    ('B0030336', 'CL003', 48, 5, 'Upper'),
    ('B0030337', 'CL003', 49, 5, 'Lower'),
    ('B0030338', 'CL003', 50, 5, 'Middle'),
    ('B0030339', 'CL003', 51, 5, 'Upper'),
    ('B0030340', 'CL003', 52, 5, 'Side Lower'),
    ('B0030341', 'CL003', 53, 5, 'Side Upper'),
    ('B0030342', 'CL003', 54, 5, 'Lower'),
    ('B0030343', 'CL003', 55, 5, 'Middle'),
    ('B0030344', 'CL003', 56, 5, 'Upper'),
    ('B0030345', 'CL003', 57, 5, 'Lower'),
    ('B0030346', 'CL003', 58, 5, 'Middle'),
    ('B0030347', 'CL003', 59, 5, 'Upper'),
    ('B0030348', 'CL003', 60, 5, 'Side Lower'),
    ('B0030349', 'CL003', 61, 5, 'Side Upper'),
    ('B0030350', 'CL003', 62, 5, 'Lower'),
    ('B0030351', 'CL003', 63, 5, 'Middle'),
    ('B0030352', 'CL003', 64, 5, 'Upper'),
    ('B0030353', 'CL003', 65, 5, 'Lower'),
    ('B0030354', 'CL003', 66, 5, 'Middle'),
    ('B0030355', 'CL003', 67, 5, 'Upper'),
    ('B0030356', 'CL003', 68, 5, 'Side Lower'),
    ('B0030357', 'CL003', 69, 5, 'Side Upper'),
    ('B0030358', 'CL003', 70, 5, 'Lower'),
    ('B0030359', 'CL003', 71, 5, 'Middle'),
    ('B0030360', 'CL003', 72, 5, 'Upper'),
    ('B0030361', 'CL003', 1, 6, 'Lower'),
    ('B0030362', 'CL003', 2, 6, 'Middle'),
    ('B0030363', 'CL003', 3, 6, 'Upper'),
    ('B0030364', 'CL003', 4, 6, 'Side Lower'),
    ('B0030365', 'CL003', 5, 6, 'Side Upper'),
    ('B0030366', 'CL003', 6, 6, 'Lower'),
    ('B0030367', 'CL003', 7, 6, 'Middle'),
    ('B0030368', 'CL003', 8, 6, 'Upper'),
    ('B0030369', 'CL003', 9, 6, 'Lower'),
    ('B0030370', 'CL003', 10, 6, 'Middle'),
    ('B0030371', 'CL003', 11, 6, 'Upper'),
    ('B0030372', 'CL003', 12, 6, 'Side Lower'),
    ('B0030373', 'CL003', 13, 6, 'Side Upper'),
    ('B0030374', 'CL003', 14, 6, 'Lower'),
    ('B0030375', 'CL003', 15, 6, 'Middle'),
    ('B0030376', 'CL003', 16, 6, 'Upper'),
    ('B0030377', 'CL003', 17, 6, 'Lower'),
    ('B0030378', 'CL003', 18, 6, 'Middle'),
    ('B0030379', 'CL003', 19, 6, 'Upper'),
    ('B0030380', 'CL003', 20, 6, 'Side Lower'),
    ('B0030381', 'CL003', 21, 6, 'Side Upper'),
    ('B0030382', 'CL003', 22, 6, 'Lower'),
    ('B0030383', 'CL003', 23, 6, 'Middle'),
    ('B0030384', 'CL003', 24, 6, 'Upper'),
    ('B0030385', 'CL003', 25, 6, 'Lower'),
    ('B0030386', 'CL003', 26, 6, 'Middle'),
    ('B0030387', 'CL003', 27, 6, 'Upper'),
    ('B0030388', 'CL003', 28, 6, 'Side Lower'),
    ('B0030389', 'CL003', 29, 6, 'Side Upper'),
    ('B0030390', 'CL003', 30, 6, 'Lower'),
    ('B0030391', 'CL003', 31, 6, 'Middle'),
    ('B0030392', 'CL003', 32, 6, 'Upper'),
    ('B0030393', 'CL003', 33, 6, 'Lower'),
    ('B0030394', 'CL003', 34, 6, 'Middle'),
    ('B0030395', 'CL003', 35, 6, 'Upper'),
    ('B0030396', 'CL003', 36, 6, 'Side Lower'),
    ('B0030397', 'CL003', 37, 6, 'Side Upper'),
    ('B0030398', 'CL003', 38, 6, 'Lower'),
    ('B0030399', 'CL003', 39, 6, 'Middle'),
    ('B0030400', 'CL003', 40, 6, 'Upper'),
    ('B0030401', 'CL003', 41, 6, 'Lower'),
    ('B0030402', 'CL003', 42, 6, 'Middle'),
    ('B0030403', 'CL003', 43, 6, 'Upper'),
    ('B0030404', 'CL003', 44, 6, 'Side Lower'),
    ('B0030405', 'CL003', 45, 6, 'Side Upper'),
    ('B0030406', 'CL003', 46, 6, 'Lower'),
    ('B0030407', 'CL003', 47, 6, 'Middle'),
    ('B0030408', 'CL003', 48, 6, 'Upper'),
    ('B0030409', 'CL003', 49, 6, 'Lower'),
    ('B0030410', 'CL003', 50, 6, 'Middle'),
    ('B0030411', 'CL003', 51, 6, 'Upper'),
    ('B0030412', 'CL003', 52, 6, 'Side Lower'),
    ('B0030413', 'CL003', 53, 6, 'Side Upper'),
    ('B0030414', 'CL003', 54, 6, 'Lower'),
    ('B0030415', 'CL003', 55, 6, 'Middle'),
    ('B0030416', 'CL003', 56, 6, 'Upper'),
    ('B0030417', 'CL003', 57, 6, 'Lower'),
    ('B0030418', 'CL003', 58, 6, 'Middle'),
    ('B0030419', 'CL003', 59, 6, 'Upper'),
    ('B0030420', 'CL003', 60, 6, 'Side Lower'),
    ('B0030421', 'CL003', 61, 6, 'Side Upper'),
    ('B0030422', 'CL003', 62, 6, 'Lower'),
    ('B0030423', 'CL003', 63, 6, 'Middle'),
    ('B0030424', 'CL003', 64, 6, 'Upper'),
    ('B0030425', 'CL003', 65, 6, 'Lower'),
    ('B0030426', 'CL003', 66, 6, 'Middle'),
    ('B0030427', 'CL003', 67, 6, 'Upper'),
    ('B0030428', 'CL003', 68, 6, 'Side Lower'),
    ('B0030429', 'CL003', 69, 6, 'Side Upper'),
    ('B0030430', 'CL003', 70, 6, 'Lower'),
    ('B0030431', 'CL003', 71, 6, 'Middle'),
    ('B0030432', 'CL003', 72, 6, 'Upper'),
    ('B0040001', 'CL004', 1, 1, 'Lower'),
    ('B0040002', 'CL004', 2, 1, 'Middle'),
    ('B0040003', 'CL004', 3, 1, 'Upper'),
    ('B0040004', 'CL004', 4, 1, 'Side Lower'),
    ('B0040005', 'CL004', 5, 1, 'Side Upper'),
    ('B0040006', 'CL004', 6, 1, 'Lower'),
    ('B0040007', 'CL004', 7, 1, 'Middle'),
    ('B0040008', 'CL004', 8, 1, 'Upper'),
    ('B0040009', 'CL004', 9, 1, 'Lower'),
    ('B0040010', 'CL004', 10, 1, 'Middle'),
    ('B0040011', 'CL004', 11, 1, 'Upper'),
    ('B0040012', 'CL004', 12, 1, 'Side Lower'),
    ('B0040013', 'CL004', 13, 1, 'Side Upper'),
    ('B0040014', 'CL004', 14, 1, 'Lower'),
    ('B0040015', 'CL004', 15, 1, 'Middle'),
    ('B0040016', 'CL004', 16, 1, 'Upper'),
    ('B0040017', 'CL004', 17, 1, 'Lower'),
    ('B0040018', 'CL004', 18, 1, 'Middle'),
    ('B0040019', 'CL004', 19, 1, 'Upper'),
    ('B0040020', 'CL004', 20, 1, 'Side Lower'),
    ('B0040021', 'CL004', 21, 1, 'Side Upper'),
    ('B0040022', 'CL004', 22, 1, 'Lower'),
    ('B0040023', 'CL004', 23, 1, 'Middle'),
    ('B0040024', 'CL004', 24, 1, 'Upper'),
    ('B0040025', 'CL004', 25, 1, 'Lower'),
    ('B0040026', 'CL004', 26, 1, 'Middle'),
    ('B0040027', 'CL004', 27, 1, 'Upper'),
    ('B0040028', 'CL004', 28, 1, 'Side Lower'),
    ('B0040029', 'CL004', 29, 1, 'Side Upper'),
    ('B0040030', 'CL004', 30, 1, 'Lower'),
    ('B0040031', 'CL004', 31, 1, 'Middle'),
    ('B0040032', 'CL004', 32, 1, 'Upper'),
    ('B0040033', 'CL004', 33, 1, 'Lower'),
    ('B0040034', 'CL004', 34, 1, 'Middle'),
    ('B0040035', 'CL004', 35, 1, 'Upper'),
    ('B0040036', 'CL004', 36, 1, 'Side Lower'),
    ('B0040037', 'CL004', 37, 1, 'Side Upper'),
    ('B0040038', 'CL004', 38, 1, 'Lower'),
    ('B0040039', 'CL004', 39, 1, 'Middle'),
    ('B0040040', 'CL004', 40, 1, 'Upper'),
    ('B0040041', 'CL004', 41, 1, 'Lower'),
    ('B0040042', 'CL004', 42, 1, 'Middle'),
    ('B0040043', 'CL004', 43, 1, 'Upper'),
    ('B0040044', 'CL004', 44, 1, 'Side Lower'),
    ('B0040045', 'CL004', 45, 1, 'Side Upper'),
    ('B0040046', 'CL004', 46, 1, 'Lower'),
    ('B0040047', 'CL004', 47, 1, 'Middle'),
    ('B0040048', 'CL004', 48, 1, 'Upper'),
    ('B0040049', 'CL004', 49, 1, 'Lower'),
    ('B0040050', 'CL004', 50, 1, 'Middle'),
    ('B0040051', 'CL004', 51, 1, 'Upper'),
    ('B0040052', 'CL004', 52, 1, 'Side Lower'),
    ('B0040053', 'CL004', 53, 1, 'Side Upper'),
    ('B0040054', 'CL004', 54, 1, 'Lower'),
    ('B0040055', 'CL004', 55, 1, 'Middle'),
    ('B0040056', 'CL004', 56, 1, 'Upper'),
    ('B0040057', 'CL004', 57, 1, 'Lower'),
    ('B0040058', 'CL004', 58, 1, 'Middle'),
    ('B0040059', 'CL004', 59, 1, 'Upper'),
    ('B0040060', 'CL004', 60, 1, 'Side Lower'),
    ('B0040061', 'CL004', 61, 1, 'Side Upper'),
    ('B0040062', 'CL004', 62, 1, 'Lower'),
    ('B0040063', 'CL004', 63, 1, 'Middle'),
    ('B0040064', 'CL004', 64, 1, 'Upper'),
    ('B0040065', 'CL004', 65, 1, 'Lower'),
    ('B0040066', 'CL004', 66, 1, 'Middle'),
    ('B0040067', 'CL004', 67, 1, 'Upper'),
    ('B0040068', 'CL004', 68, 1, 'Side Lower'),
    ('B0040069', 'CL004', 69, 1, 'Side Upper'),
    ('B0040070', 'CL004', 70, 1, 'Lower'),
    ('B0040071', 'CL004', 71, 1, 'Middle'),
    ('B0040072', 'CL004', 72, 1, 'Upper'),
    ('B0040073', 'CL004', 1, 2, 'Lower'),
    ('B0040074', 'CL004', 2, 2, 'Middle'),
    ('B0040075', 'CL004', 3, 2, 'Upper'),
    ('B0040076', 'CL004', 4, 2, 'Side Lower'),
    ('B0040077', 'CL004', 5, 2, 'Side Upper'),
    ('B0040078', 'CL004', 6, 2, 'Lower'),
    ('B0040079', 'CL004', 7, 2, 'Middle'),
    ('B0040080', 'CL004', 8, 2, 'Upper'),
    ('B0040081', 'CL004', 9, 2, 'Lower'),
    ('B0040082', 'CL004', 10, 2, 'Middle'),
    ('B0040083', 'CL004', 11, 2, 'Upper'),
    ('B0040084', 'CL004', 12, 2, 'Side Lower'),
    ('B0040085', 'CL004', 13, 2, 'Side Upper'),
    ('B0040086', 'CL004', 14, 2, 'Lower'),
    ('B0040087', 'CL004', 15, 2, 'Middle'),
    ('B0040088', 'CL004', 16, 2, 'Upper'),
    ('B0040089', 'CL004', 17, 2, 'Lower'),
    ('B0040090', 'CL004', 18, 2, 'Middle'),
    ('B0040091', 'CL004', 19, 2, 'Upper'),
    ('B0040092', 'CL004', 20, 2, 'Side Lower'),
    ('B0040093', 'CL004', 21, 2, 'Side Upper'),
    ('B0040094', 'CL004', 22, 2, 'Lower'),
    ('B0040095', 'CL004', 23, 2, 'Middle'),
    ('B0040096', 'CL004', 24, 2, 'Upper'),
    ('B0040097', 'CL004', 25, 2, 'Lower'),
    ('B0040098', 'CL004', 26, 2, 'Middle'),
    ('B0040099', 'CL004', 27, 2, 'Upper'),
    ('B0040100', 'CL004', 28, 2, 'Side Lower'),
    ('B0040101', 'CL004', 29, 2, 'Side Upper'),
    ('B0040102', 'CL004', 30, 2, 'Lower'),
    ('B0040103', 'CL004', 31, 2, 'Middle'),
    ('B0040104', 'CL004', 32, 2, 'Upper'),
    ('B0040105', 'CL004', 33, 2, 'Lower'),
    ('B0040106', 'CL004', 34, 2, 'Middle'),
    ('B0040107', 'CL004', 35, 2, 'Upper'),
    ('B0040108', 'CL004', 36, 2, 'Side Lower'),
    ('B0040109', 'CL004', 37, 2, 'Side Upper'),
    ('B0040110', 'CL004', 38, 2, 'Lower'),
    ('B0040111', 'CL004', 39, 2, 'Middle'),
    ('B0040112', 'CL004', 40, 2, 'Upper'),
    ('B0040113', 'CL004', 41, 2, 'Lower'),
    ('B0040114', 'CL004', 42, 2, 'Middle'),
    ('B0040115', 'CL004', 43, 2, 'Upper'),
    ('B0040116', 'CL004', 44, 2, 'Side Lower'),
    ('B0040117', 'CL004', 45, 2, 'Side Upper'),
    ('B0040118', 'CL004', 46, 2, 'Lower'),
    ('B0040119', 'CL004', 47, 2, 'Middle'),
    ('B0040120', 'CL004', 48, 2, 'Upper'),
    ('B0040121', 'CL004', 49, 2, 'Lower'),
    ('B0040122', 'CL004', 50, 2, 'Middle'),
    ('B0040123', 'CL004', 51, 2, 'Upper'),
    ('B0040124', 'CL004', 52, 2, 'Side Lower'),
    ('B0040125', 'CL004', 53, 2, 'Side Upper'),
    ('B0040126', 'CL004', 54, 2, 'Lower'),
    ('B0040127', 'CL004', 55, 2, 'Middle'),
    ('B0040128', 'CL004', 56, 2, 'Upper'),
    ('B0040129', 'CL004', 57, 2, 'Lower'),
    ('B0040130', 'CL004', 58, 2, 'Middle'),
    ('B0040131', 'CL004', 59, 2, 'Upper'),
    ('B0040132', 'CL004', 60, 2, 'Side Lower'),
    ('B0040133', 'CL004', 61, 2, 'Side Upper'),
    ('B0040134', 'CL004', 62, 2, 'Lower'),
    ('B0040135', 'CL004', 63, 2, 'Middle'),
    ('B0040136', 'CL004', 64, 2, 'Upper'),
    ('B0040137', 'CL004', 65, 2, 'Lower'),
    ('B0040138', 'CL004', 66, 2, 'Middle'),
    ('B0040139', 'CL004', 67, 2, 'Upper'),
    ('B0040140', 'CL004', 68, 2, 'Side Lower'),
    ('B0040141', 'CL004', 69, 2, 'Side Upper'),
    ('B0040142', 'CL004', 70, 2, 'Lower'),
    ('B0040143', 'CL004', 71, 2, 'Middle'),
    ('B0040144', 'CL004', 72, 2, 'Upper'),
    ('B0040145', 'CL004', 1, 3, 'Lower'),
    ('B0040146', 'CL004', 2, 3, 'Middle'),
    ('B0040147', 'CL004', 3, 3, 'Upper'),
    ('B0040148', 'CL004', 4, 3, 'Side Lower'),
    ('B0040149', 'CL004', 5, 3, 'Side Upper'),
    ('B0040150', 'CL004', 6, 3, 'Lower'),
    ('B0040151', 'CL004', 7, 3, 'Middle'),
    ('B0040152', 'CL004', 8, 3, 'Upper'),
    ('B0040153', 'CL004', 9, 3, 'Lower'),
    ('B0040154', 'CL004', 10, 3, 'Middle'),
    ('B0040155', 'CL004', 11, 3, 'Upper'),
    ('B0040156', 'CL004', 12, 3, 'Side Lower'),
    ('B0040157', 'CL004', 13, 3, 'Side Upper'),
    ('B0040158', 'CL004', 14, 3, 'Lower'),
    ('B0040159', 'CL004', 15, 3, 'Middle'),
    ('B0040160', 'CL004', 16, 3, 'Upper'),
    ('B0040161', 'CL004', 17, 3, 'Lower'),
    ('B0040162', 'CL004', 18, 3, 'Middle'),
    ('B0040163', 'CL004', 19, 3, 'Upper'),
    ('B0040164', 'CL004', 20, 3, 'Side Lower'),
    ('B0040165', 'CL004', 21, 3, 'Side Upper'),
    ('B0040166', 'CL004', 22, 3, 'Lower'),
    ('B0040167', 'CL004', 23, 3, 'Middle'),
    ('B0040168', 'CL004', 24, 3, 'Upper'),
    ('B0040169', 'CL004', 25, 3, 'Lower'),
    ('B0040170', 'CL004', 26, 3, 'Middle'),
    ('B0040171', 'CL004', 27, 3, 'Upper'),
    ('B0040172', 'CL004', 28, 3, 'Side Lower'),
    ('B0040173', 'CL004', 29, 3, 'Side Upper'),
    ('B0040174', 'CL004', 30, 3, 'Lower'),
    ('B0040175', 'CL004', 31, 3, 'Middle'),
    ('B0040176', 'CL004', 32, 3, 'Upper'),
    ('B0040177', 'CL004', 33, 3, 'Lower'),
    ('B0040178', 'CL004', 34, 3, 'Middle'),
    ('B0040179', 'CL004', 35, 3, 'Upper'),
    ('B0040180', 'CL004', 36, 3, 'Side Lower'),
    ('B0040181', 'CL004', 37, 3, 'Side Upper'),
    ('B0040182', 'CL004', 38, 3, 'Lower'),
    ('B0040183', 'CL004', 39, 3, 'Middle'),
    ('B0040184', 'CL004', 40, 3, 'Upper'),
    ('B0040185', 'CL004', 41, 3, 'Lower'),
    ('B0040186', 'CL004', 42, 3, 'Middle'),
    ('B0040187', 'CL004', 43, 3, 'Upper'),
    ('B0040188', 'CL004', 44, 3, 'Side Lower'),
    ('B0040189', 'CL004', 45, 3, 'Side Upper'),
    ('B0040190', 'CL004', 46, 3, 'Lower'),
    ('B0040191', 'CL004', 47, 3, 'Middle'),
    ('B0040192', 'CL004', 48, 3, 'Upper'),
    ('B0040193', 'CL004', 49, 3, 'Lower'),
    ('B0040194', 'CL004', 50, 3, 'Middle'),
    ('B0040195', 'CL004', 51, 3, 'Upper'),
    ('B0040196', 'CL004', 52, 3, 'Side Lower'),
    ('B0040197', 'CL004', 53, 3, 'Side Upper'),
    ('B0040198', 'CL004', 54, 3, 'Lower'),
    ('B0040199', 'CL004', 55, 3, 'Middle'),
    ('B0040200', 'CL004', 56, 3, 'Upper'),
    ('B0040201', 'CL004', 57, 3, 'Lower'),
    ('B0040202', 'CL004', 58, 3, 'Middle'),
    ('B0040203', 'CL004', 59, 3, 'Upper'),
    ('B0040204', 'CL004', 60, 3, 'Side Lower'),
    ('B0040205', 'CL004', 61, 3, 'Side Upper'),
    ('B0040206', 'CL004', 62, 3, 'Lower'),
    ('B0040207', 'CL004', 63, 3, 'Middle'),
    ('B0040208', 'CL004', 64, 3, 'Upper'),
    ('B0040209', 'CL004', 65, 3, 'Lower'),
    ('B0040210', 'CL004', 66, 3, 'Middle'),
    ('B0040211', 'CL004', 67, 3, 'Upper'),
    ('B0040212', 'CL004', 68, 3, 'Side Lower'),
    ('B0040213', 'CL004', 69, 3, 'Side Upper'),
    ('B0040214', 'CL004', 70, 3, 'Lower'),
    ('B0040215', 'CL004', 71, 3, 'Middle'),
    ('B0040216', 'CL004', 72, 3, 'Upper'),
    ('B0040217', 'CL004', 1, 4, 'Lower'),
    ('B0040218', 'CL004', 2, 4, 'Middle'),
    ('B0040219', 'CL004', 3, 4, 'Upper'),
    ('B0040220', 'CL004', 4, 4, 'Side Lower'),
    ('B0040221', 'CL004', 5, 4, 'Side Upper'),
    ('B0040222', 'CL004', 6, 4, 'Lower'),
    ('B0040223', 'CL004', 7, 4, 'Middle'),
    ('B0040224', 'CL004', 8, 4, 'Upper'),
    ('B0040225', 'CL004', 9, 4, 'Lower'),
    ('B0040226', 'CL004', 10, 4, 'Middle'),
    ('B0040227', 'CL004', 11, 4, 'Upper'),
    ('B0040228', 'CL004', 12, 4, 'Side Lower'),
    ('B0040229', 'CL004', 13, 4, 'Side Upper'),
    ('B0040230', 'CL004', 14, 4, 'Lower'),
    ('B0040231', 'CL004', 15, 4, 'Middle'),
    ('B0040232', 'CL004', 16, 4, 'Upper'),
    ('B0040233', 'CL004', 17, 4, 'Lower'),
    ('B0040234', 'CL004', 18, 4, 'Middle'),
    ('B0040235', 'CL004', 19, 4, 'Upper'),
    ('B0040236', 'CL004', 20, 4, 'Side Lower'),
    ('B0040237', 'CL004', 21, 4, 'Side Upper'),
    ('B0040238', 'CL004', 22, 4, 'Lower'),
    ('B0040239', 'CL004', 23, 4, 'Middle'),
    ('B0040240', 'CL004', 24, 4, 'Upper'),
    ('B0040241', 'CL004', 25, 4, 'Lower'),
    ('B0040242', 'CL004', 26, 4, 'Middle'),
    ('B0040243', 'CL004', 27, 4, 'Upper'),
    ('B0040244', 'CL004', 28, 4, 'Side Lower'),
    ('B0040245', 'CL004', 29, 4, 'Side Upper'),
    ('B0040246', 'CL004', 30, 4, 'Lower'),
    ('B0040247', 'CL004', 31, 4, 'Middle'),
    ('B0040248', 'CL004', 32, 4, 'Upper'),
    ('B0040249', 'CL004', 33, 4, 'Lower'),
    ('B0040250', 'CL004', 34, 4, 'Middle'),
    ('B0040251', 'CL004', 35, 4, 'Upper'),
    ('B0040252', 'CL004', 36, 4, 'Side Lower'),
    ('B0040253', 'CL004', 37, 4, 'Side Upper'),
    ('B0040254', 'CL004', 38, 4, 'Lower'),
    ('B0040255', 'CL004', 39, 4, 'Middle'),
    ('B0040256', 'CL004', 40, 4, 'Upper'),
    ('B0040257', 'CL004', 41, 4, 'Lower'),
    ('B0040258', 'CL004', 42, 4, 'Middle'),
    ('B0040259', 'CL004', 43, 4, 'Upper'),
    ('B0040260', 'CL004', 44, 4, 'Side Lower'),
    ('B0040261', 'CL004', 45, 4, 'Side Upper'),
    ('B0040262', 'CL004', 46, 4, 'Lower'),
    ('B0040263', 'CL004', 47, 4, 'Middle'),
    ('B0040264', 'CL004', 48, 4, 'Upper'),
    ('B0040265', 'CL004', 49, 4, 'Lower'),
    ('B0040266', 'CL004', 50, 4, 'Middle'),
    ('B0040267', 'CL004', 51, 4, 'Upper'),
    ('B0040268', 'CL004', 52, 4, 'Side Lower'),
    ('B0040269', 'CL004', 53, 4, 'Side Upper'),
    ('B0040270', 'CL004', 54, 4, 'Lower'),
    ('B0040271', 'CL004', 55, 4, 'Middle'),
    ('B0040272', 'CL004', 56, 4, 'Upper'),
    ('B0040273', 'CL004', 57, 4, 'Lower'),
    ('B0040274', 'CL004', 58, 4, 'Middle'),
    ('B0040275', 'CL004', 59, 4, 'Upper'),
    ('B0040276', 'CL004', 60, 4, 'Side Lower'),
    ('B0040277', 'CL004', 61, 4, 'Side Upper'),
    ('B0040278', 'CL004', 62, 4, 'Lower'),
    ('B0040279', 'CL004', 63, 4, 'Middle'),
    ('B0040280', 'CL004', 64, 4, 'Upper'),
    ('B0040281', 'CL004', 65, 4, 'Lower'),
    ('B0040282', 'CL004', 66, 4, 'Middle'),
    ('B0040283', 'CL004', 67, 4, 'Upper'),
    ('B0040284', 'CL004', 68, 4, 'Side Lower'),
    ('B0040285', 'CL004', 69, 4, 'Side Upper'),
    ('B0040286', 'CL004', 70, 4, 'Lower'),
    ('B0040287', 'CL004', 71, 4, 'Middle'),
    ('B0040288', 'CL004', 72, 4, 'Upper'),
    ('B0040289', 'CL004', 1, 5, 'Lower'),
    ('B0040290', 'CL004', 2, 5, 'Middle'),
    ('B0040291', 'CL004', 3, 5, 'Upper'),
    ('B0040292', 'CL004', 4, 5, 'Side Lower'),
    ('B0040293', 'CL004', 5, 5, 'Side Upper'),
    ('B0040294', 'CL004', 6, 5, 'Lower'),
    ('B0040295', 'CL004', 7, 5, 'Middle'),
    ('B0040296', 'CL004', 8, 5, 'Upper'),
    ('B0040297', 'CL004', 9, 5, 'Lower'),
    ('B0040298', 'CL004', 10, 5, 'Middle'),
    ('B0040299', 'CL004', 11, 5, 'Upper'),
    ('B0040300', 'CL004', 12, 5, 'Side Lower'),
    ('B0040301', 'CL004', 13, 5, 'Side Upper'),
    ('B0040302', 'CL004', 14, 5, 'Lower'),
    ('B0040303', 'CL004', 15, 5, 'Middle'),
    ('B0040304', 'CL004', 16, 5, 'Upper'),
    ('B0040305', 'CL004', 17, 5, 'Lower'),
    ('B0040306', 'CL004', 18, 5, 'Middle'),
    ('B0040307', 'CL004', 19, 5, 'Upper'),
    ('B0040308', 'CL004', 20, 5, 'Side Lower'),
    ('B0040309', 'CL004', 21, 5, 'Side Upper'),
    ('B0040310', 'CL004', 22, 5, 'Lower'),
    ('B0040311', 'CL004', 23, 5, 'Middle'),
    ('B0040312', 'CL004', 24, 5, 'Upper'),
    ('B0040313', 'CL004', 25, 5, 'Lower'),
    ('B0040314', 'CL004', 26, 5, 'Middle'),
    ('B0040315', 'CL004', 27, 5, 'Upper'),
    ('B0040316', 'CL004', 28, 5, 'Side Lower'),
    ('B0040317', 'CL004', 29, 5, 'Side Upper'),
    ('B0040318', 'CL004', 30, 5, 'Lower'),
    ('B0040319', 'CL004', 31, 5, 'Middle'),
    ('B0040320', 'CL004', 32, 5, 'Upper'),
    ('B0040321', 'CL004', 33, 5, 'Lower'),
    ('B0040322', 'CL004', 34, 5, 'Middle'),
    ('B0040323', 'CL004', 35, 5, 'Upper'),
    ('B0040324', 'CL004', 36, 5, 'Side Lower'),
    ('B0040325', 'CL004', 37, 5, 'Side Upper'),
    ('B0040326', 'CL004', 38, 5, 'Lower'),
    ('B0040327', 'CL004', 39, 5, 'Middle'),
    ('B0040328', 'CL004', 40, 5, 'Upper'),
    ('B0040329', 'CL004', 41, 5, 'Lower'),
    ('B0040330', 'CL004', 42, 5, 'Middle'),
    ('B0040331', 'CL004', 43, 5, 'Upper'),
    ('B0040332', 'CL004', 44, 5, 'Side Lower'),
    ('B0040333', 'CL004', 45, 5, 'Side Upper'),
    ('B0040334', 'CL004', 46, 5, 'Lower'),
    ('B0040335', 'CL004', 47, 5, 'Middle'),
    ('B0040336', 'CL004', 48, 5, 'Upper'),
    ('B0040337', 'CL004', 49, 5, 'Lower'),
    ('B0040338', 'CL004', 50, 5, 'Middle'),
    ('B0040339', 'CL004', 51, 5, 'Upper'),
    ('B0040340', 'CL004', 52, 5, 'Side Lower'),
    ('B0040341', 'CL004', 53, 5, 'Side Upper'),
    ('B0040342', 'CL004', 54, 5, 'Lower'),
    ('B0040343', 'CL004', 55, 5, 'Middle'),
    ('B0040344', 'CL004', 56, 5, 'Upper'),
    ('B0040345', 'CL004', 57, 5, 'Lower'),
    ('B0040346', 'CL004', 58, 5, 'Middle'),
    ('B0040347', 'CL004', 59, 5, 'Upper'),
    ('B0040348', 'CL004', 60, 5, 'Side Lower'),
    ('B0040349', 'CL004', 61, 5, 'Side Upper'),
    ('B0040350', 'CL004', 62, 5, 'Lower'),
    ('B0040351', 'CL004', 63, 5, 'Middle'),
    ('B0040352', 'CL004', 64, 5, 'Upper'),
    ('B0040353', 'CL004', 65, 5, 'Lower'),
    ('B0040354', 'CL004', 66, 5, 'Middle'),
    ('B0040355', 'CL004', 67, 5, 'Upper'),
    ('B0040356', 'CL004', 68, 5, 'Side Lower'),
    ('B0040357', 'CL004', 69, 5, 'Side Upper'),
    ('B0040358', 'CL004', 70, 5, 'Lower'),
    ('B0040359', 'CL004', 71, 5, 'Middle'),
    ('B0040360', 'CL004', 72, 5, 'Upper'),
    ('B0040361', 'CL004', 1, 6, 'Lower'),
    ('B0040362', 'CL004', 2, 6, 'Middle'),
    ('B0040363', 'CL004', 3, 6, 'Upper'),
    ('B0040364', 'CL004', 4, 6, 'Side Lower'),
    ('B0040365', 'CL004', 5, 6, 'Side Upper'),
    ('B0040366', 'CL004', 6, 6, 'Lower'),
    ('B0040367', 'CL004', 7, 6, 'Middle'),
    ('B0040368', 'CL004', 8, 6, 'Upper'),
    ('B0040369', 'CL004', 9, 6, 'Lower'),
    ('B0040370', 'CL004', 10, 6, 'Middle'),
    ('B0040371', 'CL004', 11, 6, 'Upper'),
    ('B0040372', 'CL004', 12, 6, 'Side Lower'),
    ('B0040373', 'CL004', 13, 6, 'Side Upper'),
    ('B0040374', 'CL004', 14, 6, 'Lower'),
    ('B0040375', 'CL004', 15, 6, 'Middle'),
    ('B0040376', 'CL004', 16, 6, 'Upper'),
    ('B0040377', 'CL004', 17, 6, 'Lower'),
    ('B0040378', 'CL004', 18, 6, 'Middle'),
    ('B0040379', 'CL004', 19, 6, 'Upper'),
    ('B0040380', 'CL004', 20, 6, 'Side Lower'),
    ('B0040381', 'CL004', 21, 6, 'Side Upper'),
    ('B0040382', 'CL004', 22, 6, 'Lower'),
    ('B0040383', 'CL004', 23, 6, 'Middle'),
    ('B0040384', 'CL004', 24, 6, 'Upper'),
    ('B0040385', 'CL004', 25, 6, 'Lower'),
    ('B0040386', 'CL004', 26, 6, 'Middle'),
    ('B0040387', 'CL004', 27, 6, 'Upper'),
    ('B0040388', 'CL004', 28, 6, 'Side Lower'),
    ('B0040389', 'CL004', 29, 6, 'Side Upper'),
    ('B0040390', 'CL004', 30, 6, 'Lower'),
    ('B0040391', 'CL004', 31, 6, 'Middle'),
    ('B0040392', 'CL004', 32, 6, 'Upper'),
    ('B0040393', 'CL004', 33, 6, 'Lower'),
    ('B0040394', 'CL004', 34, 6, 'Middle'),
    ('B0040395', 'CL004', 35, 6, 'Upper'),
    ('B0040396', 'CL004', 36, 6, 'Side Lower'),
    ('B0040397', 'CL004', 37, 6, 'Side Upper'),
    ('B0040398', 'CL004', 38, 6, 'Lower'),
    ('B0040399', 'CL004', 39, 6, 'Middle'),
    ('B0040400', 'CL004', 40, 6, 'Upper'),
    ('B0040401', 'CL004', 41, 6, 'Lower'),
    ('B0040402', 'CL004', 42, 6, 'Middle'),
    ('B0040403', 'CL004', 43, 6, 'Upper'),
    ('B0040404', 'CL004', 44, 6, 'Side Lower'),
    ('B0040405', 'CL004', 45, 6, 'Side Upper'),
    ('B0040406', 'CL004', 46, 6, 'Lower'),
    ('B0040407', 'CL004', 47, 6, 'Middle'),
    ('B0040408', 'CL004', 48, 6, 'Upper'),
    ('B0040409', 'CL004', 49, 6, 'Lower'),
    ('B0040410', 'CL004', 50, 6, 'Middle'),
    ('B0040411', 'CL004', 51, 6, 'Upper'),
    ('B0040412', 'CL004', 52, 6, 'Side Lower'),
    ('B0040413', 'CL004', 53, 6, 'Side Upper'),
    ('B0040414', 'CL004', 54, 6, 'Lower'),
    ('B0040415', 'CL004', 55, 6, 'Middle'),
    ('B0040416', 'CL004', 56, 6, 'Upper'),
    ('B0040417', 'CL004', 57, 6, 'Lower'),
    ('B0040418', 'CL004', 58, 6, 'Middle'),
    ('B0040419', 'CL004', 59, 6, 'Upper'),
    ('B0040420', 'CL004', 60, 6, 'Side Lower'),
    ('B0040421', 'CL004', 61, 6, 'Side Upper'),
    ('B0040422', 'CL004', 62, 6, 'Lower'),
    ('B0040423', 'CL004', 63, 6, 'Middle'),
    ('B0040424', 'CL004', 64, 6, 'Upper'),
    ('B0040425', 'CL004', 65, 6, 'Lower'),
    ('B0040426', 'CL004', 66, 6, 'Middle'),
    ('B0040427', 'CL004', 67, 6, 'Upper'),
    ('B0040428', 'CL004', 68, 6, 'Side Lower'),
    ('B0040429', 'CL004', 69, 6, 'Side Upper'),
    ('B0040430', 'CL004', 70, 6, 'Lower'),
    ('B0040431', 'CL004', 71, 6, 'Middle'),
    ('B0040432', 'CL004', 72, 6, 'Upper'),
    ('B0040433', 'CL004', 1, 7, 'Lower'),
    ('B0040434', 'CL004', 2, 7, 'Middle'),
    ('B0040435', 'CL004', 3, 7, 'Upper'),
    ('B0040436', 'CL004', 4, 7, 'Side Lower'),
    ('B0040437', 'CL004', 5, 7, 'Side Upper'),
    ('B0040438', 'CL004', 6, 7, 'Lower'),
    ('B0040439', 'CL004', 7, 7, 'Middle'),
    ('B0040440', 'CL004', 8, 7, 'Upper'),
    ('B0040441', 'CL004', 9, 7, 'Lower'),
    ('B0040442', 'CL004', 10, 7, 'Middle'),
    ('B0040443', 'CL004', 11, 7, 'Upper'),
    ('B0040444', 'CL004', 12, 7, 'Side Lower'),
    ('B0040445', 'CL004', 13, 7, 'Side Upper'),
    ('B0040446', 'CL004', 14, 7, 'Lower'),
    ('B0040447', 'CL004', 15, 7, 'Middle'),
    ('B0040448', 'CL004', 16, 7, 'Upper'),
    ('B0040449', 'CL004', 17, 7, 'Lower'),
    ('B0040450', 'CL004', 18, 7, 'Middle'),
    ('B0040451', 'CL004', 19, 7, 'Upper'),
    ('B0040452', 'CL004', 20, 7, 'Side Lower'),
    ('B0040453', 'CL004', 21, 7, 'Side Upper'),
    ('B0040454', 'CL004', 22, 7, 'Lower'),
    ('B0040455', 'CL004', 23, 7, 'Middle'),
    ('B0040456', 'CL004', 24, 7, 'Upper'),
    ('B0040457', 'CL004', 25, 7, 'Lower'),
    ('B0040458', 'CL004', 26, 7, 'Middle'),
    ('B0040459', 'CL004', 27, 7, 'Upper'),
    ('B0040460', 'CL004', 28, 7, 'Side Lower'),
    ('B0040461', 'CL004', 29, 7, 'Side Upper'),
    ('B0040462', 'CL004', 30, 7, 'Lower'),
    ('B0040463', 'CL004', 31, 7, 'Middle'),
    ('B0040464', 'CL004', 32, 7, 'Upper'),
    ('B0040465', 'CL004', 33, 7, 'Lower'),
    ('B0040466', 'CL004', 34, 7, 'Middle'),
    ('B0040467', 'CL004', 35, 7, 'Upper'),
    ('B0040468', 'CL004', 36, 7, 'Side Lower'),
    ('B0040469', 'CL004', 37, 7, 'Side Upper'),
    ('B0040470', 'CL004', 38, 7, 'Lower'),
    ('B0040471', 'CL004', 39, 7, 'Middle'),
    ('B0040472', 'CL004', 40, 7, 'Upper'),
    ('B0040473', 'CL004', 41, 7, 'Lower'),
    ('B0040474', 'CL004', 42, 7, 'Middle'),
    ('B0040475', 'CL004', 43, 7, 'Upper'),
    ('B0040476', 'CL004', 44, 7, 'Side Lower'),
    ('B0040477', 'CL004', 45, 7, 'Side Upper'),
    ('B0040478', 'CL004', 46, 7, 'Lower'),
    ('B0040479', 'CL004', 47, 7, 'Middle'),
    ('B0040480', 'CL004', 48, 7, 'Upper'),
    ('B0040481', 'CL004', 49, 7, 'Lower'),
    ('B0040482', 'CL004', 50, 7, 'Middle'),
    ('B0040483', 'CL004', 51, 7, 'Upper'),
    ('B0040484', 'CL004', 52, 7, 'Side Lower'),
    ('B0040485', 'CL004', 53, 7, 'Side Upper'),
    ('B0040486', 'CL004', 54, 7, 'Lower'),
    ('B0040487', 'CL004', 55, 7, 'Middle'),
    ('B0040488', 'CL004', 56, 7, 'Upper'),
    ('B0040489', 'CL004', 57, 7, 'Lower'),
    ('B0040490', 'CL004', 58, 7, 'Middle'),
    ('B0040491', 'CL004', 59, 7, 'Upper'),
    ('B0040492', 'CL004', 60, 7, 'Side Lower'),
    ('B0040493', 'CL004', 61, 7, 'Side Upper'),
    ('B0040494', 'CL004', 62, 7, 'Lower'),
    ('B0040495', 'CL004', 63, 7, 'Middle'),
    ('B0040496', 'CL004', 64, 7, 'Upper'),
    ('B0040497', 'CL004', 65, 7, 'Lower'),
    ('B0040498', 'CL004', 66, 7, 'Middle'),
    ('B0040499', 'CL004', 67, 7, 'Upper'),
    ('B0040500', 'CL004', 68, 7, 'Side Lower'),
    ('B0040501', 'CL004', 69, 7, 'Side Upper'),
    ('B0040502', 'CL004', 70, 7, 'Lower'),
    ('B0040503', 'CL004', 71, 7, 'Middle'),
    ('B0040504', 'CL004', 72, 7, 'Upper'),
    ('B0040505', 'CL004', 1, 8, 'Lower'),
    ('B0040506', 'CL004', 2, 8, 'Middle'),
    ('B0040507', 'CL004', 3, 8, 'Upper'),
    ('B0040508', 'CL004', 4, 8, 'Side Lower'),
    ('B0040509', 'CL004', 5, 8, 'Side Upper'),
    ('B0040510', 'CL004', 6, 8, 'Lower'),
    ('B0040511', 'CL004', 7, 8, 'Middle'),
    ('B0040512', 'CL004', 8, 8, 'Upper'),
    ('B0040513', 'CL004', 9, 8, 'Lower'),
    ('B0040514', 'CL004', 10, 8, 'Middle'),
    ('B0040515', 'CL004', 11, 8, 'Upper'),
    ('B0040516', 'CL004', 12, 8, 'Side Lower'),
    ('B0040517', 'CL004', 13, 8, 'Side Upper'),
    ('B0040518', 'CL004', 14, 8, 'Lower'),
    ('B0040519', 'CL004', 15, 8, 'Middle'),
    ('B0040520', 'CL004', 16, 8, 'Upper'),
    ('B0040521', 'CL004', 17, 8, 'Lower'),
    ('B0040522', 'CL004', 18, 8, 'Middle'),
    ('B0040523', 'CL004', 19, 8, 'Upper'),
    ('B0040524', 'CL004', 20, 8, 'Side Lower'),
    ('B0040525', 'CL004', 21, 8, 'Side Upper'),
    ('B0040526', 'CL004', 22, 8, 'Lower'),
    ('B0040527', 'CL004', 23, 8, 'Middle'),
    ('B0040528', 'CL004', 24, 8, 'Upper'),
    ('B0040529', 'CL004', 25, 8, 'Lower'),
    ('B0040530', 'CL004', 26, 8, 'Middle'),
    ('B0040531', 'CL004', 27, 8, 'Upper'),
    ('B0040532', 'CL004', 28, 8, 'Side Lower'),
    ('B0040533', 'CL004', 29, 8, 'Side Upper'),
    ('B0040534', 'CL004', 30, 8, 'Lower'),
    ('B0040535', 'CL004', 31, 8, 'Middle'),
    ('B0040536', 'CL004', 32, 8, 'Upper'),
    ('B0040537', 'CL004', 33, 8, 'Lower'),
    ('B0040538', 'CL004', 34, 8, 'Middle'),
    ('B0040539', 'CL004', 35, 8, 'Upper'),
    ('B0040540', 'CL004', 36, 8, 'Side Lower'),
    ('B0040541', 'CL004', 37, 8, 'Side Upper'),
    ('B0040542', 'CL004', 38, 8, 'Lower'),
    ('B0040543', 'CL004', 39, 8, 'Middle'),
    ('B0040544', 'CL004', 40, 8, 'Upper'),
    ('B0040545', 'CL004', 41, 8, 'Lower'),
    ('B0040546', 'CL004', 42, 8, 'Middle'),
    ('B0040547', 'CL004', 43, 8, 'Upper'),
    ('B0040548', 'CL004', 44, 8, 'Side Lower'),
    ('B0040549', 'CL004', 45, 8, 'Side Upper'),
    ('B0040550', 'CL004', 46, 8, 'Lower'),
    ('B0040551', 'CL004', 47, 8, 'Middle'),
    ('B0040552', 'CL004', 48, 8, 'Upper'),
    ('B0040553', 'CL004', 49, 8, 'Lower'),
    ('B0040554', 'CL004', 50, 8, 'Middle'),
    ('B0040555', 'CL004', 51, 8, 'Upper'),
    ('B0040556', 'CL004', 52, 8, 'Side Lower'),
    ('B0040557', 'CL004', 53, 8, 'Side Upper'),
    ('B0040558', 'CL004', 54, 8, 'Lower'),
    ('B0040559', 'CL004', 55, 8, 'Middle'),
    ('B0040560', 'CL004', 56, 8, 'Upper'),
    ('B0040561', 'CL004', 57, 8, 'Lower'),
    ('B0040562', 'CL004', 58, 8, 'Middle'),
    ('B0040563', 'CL004', 59, 8, 'Upper'),
    ('B0040564', 'CL004', 60, 8, 'Side Lower'),
    ('B0040565', 'CL004', 61, 8, 'Side Upper'),
    ('B0040566', 'CL004', 62, 8, 'Lower'),
    ('B0040567', 'CL004', 63, 8, 'Middle'),
    ('B0040568', 'CL004', 64, 8, 'Upper'),
    ('B0040569', 'CL004', 65, 8, 'Lower'),
    ('B0040570', 'CL004', 66, 8, 'Middle'),
    ('B0040571', 'CL004', 67, 8, 'Upper'),
    ('B0040572', 'CL004', 68, 8, 'Side Lower'),
    ('B0040573', 'CL004', 69, 8, 'Side Upper'),
    ('B0040574', 'CL004', 70, 8, 'Lower'),
    ('B0040575', 'CL004', 71, 8, 'Middle'),
    ('B0040576', 'CL004', 72, 8, 'Upper'),
    ('B0050001', 'CL005', 1, 1, 'Lower'),
    ('B0050002', 'CL005', 2, 1, 'Middle'),
    ('B0050003', 'CL005', 3, 1, 'Upper'),
    ('B0050004', 'CL005', 4, 1, 'Side Lower'),
    ('B0050005', 'CL005', 5, 1, 'Side Upper'),
    ('B0050006', 'CL005', 6, 1, 'Lower'),
    ('B0050007', 'CL005', 7, 1, 'Middle'),
    ('B0050008', 'CL005', 8, 1, 'Upper'),
    ('B0050009', 'CL005', 9, 1, 'Lower'),
    ('B0050010', 'CL005', 10, 1, 'Middle'),
    ('B0050011', 'CL005', 11, 1, 'Upper'),
    ('B0050012', 'CL005', 12, 1, 'Side Lower'),
    ('B0050013', 'CL005', 13, 1, 'Side Upper'),
    ('B0050014', 'CL005', 14, 1, 'Lower'),
    ('B0050015', 'CL005', 15, 1, 'Middle'),
    ('B0050016', 'CL005', 16, 1, 'Upper'),
    ('B0050017', 'CL005', 17, 1, 'Lower'),
    ('B0050018', 'CL005', 18, 1, 'Middle'),
    ('B0050019', 'CL005', 19, 1, 'Upper'),
    ('B0050020', 'CL005', 20, 1, 'Side Lower'),
    ('B0050021', 'CL005', 21, 1, 'Side Upper'),
    ('B0050022', 'CL005', 22, 1, 'Lower'),
    ('B0050023', 'CL005', 23, 1, 'Middle'),
    ('B0050024', 'CL005', 24, 1, 'Upper'),
    ('B0050025', 'CL005', 25, 1, 'Lower'),
    ('B0050026', 'CL005', 26, 1, 'Middle'),
    ('B0050027', 'CL005', 27, 1, 'Upper'),
    ('B0050028', 'CL005', 28, 1, 'Side Lower'),
    ('B0050029', 'CL005', 29, 1, 'Side Upper'),
    ('B0050030', 'CL005', 30, 1, 'Lower'),
    ('B0050031', 'CL005', 31, 1, 'Middle'),
    ('B0050032', 'CL005', 32, 1, 'Upper'),
    ('B0050033', 'CL005', 33, 1, 'Lower'),
    ('B0050034', 'CL005', 34, 1, 'Middle'),
    ('B0050035', 'CL005', 35, 1, 'Upper'),
    ('B0050036', 'CL005', 36, 1, 'Side Lower'),
    ('B0050037', 'CL005', 37, 1, 'Side Upper'),
    ('B0050038', 'CL005', 38, 1, 'Lower'),
    ('B0050039', 'CL005', 39, 1, 'Middle'),
    ('B0050040', 'CL005', 40, 1, 'Upper'),
    ('B0050041', 'CL005', 41, 1, 'Lower'),
    ('B0050042', 'CL005', 42, 1, 'Middle'),
    ('B0050043', 'CL005', 43, 1, 'Upper'),
    ('B0050044', 'CL005', 44, 1, 'Side Lower'),
    ('B0050045', 'CL005', 45, 1, 'Side Upper'),
    ('B0050046', 'CL005', 46, 1, 'Lower'),
    ('B0050047', 'CL005', 47, 1, 'Middle'),
    ('B0050048', 'CL005', 48, 1, 'Upper'),
    ('B0050049', 'CL005', 49, 1, 'Lower'),
    ('B0050050', 'CL005', 50, 1, 'Middle'),
    ('B0050051', 'CL005', 51, 1, 'Upper'),
    ('B0050052', 'CL005', 52, 1, 'Side Lower'),
    ('B0050053', 'CL005', 53, 1, 'Side Upper'),
    ('B0050054', 'CL005', 54, 1, 'Lower'),
    ('B0050055', 'CL005', 55, 1, 'Middle'),
    ('B0050056', 'CL005', 56, 1, 'Upper'),
    ('B0050057', 'CL005', 57, 1, 'Lower'),
    ('B0050058', 'CL005', 58, 1, 'Middle'),
    ('B0050059', 'CL005', 59, 1, 'Upper'),
    ('B0050060', 'CL005', 60, 1, 'Side Lower'),
    ('B0050061', 'CL005', 61, 1, 'Side Upper'),
    ('B0050062', 'CL005', 62, 1, 'Lower'),
    ('B0050063', 'CL005', 63, 1, 'Middle'),
    ('B0050064', 'CL005', 64, 1, 'Upper'),
    ('B0050065', 'CL005', 65, 1, 'Lower'),
    ('B0050066', 'CL005', 66, 1, 'Middle'),
    ('B0050067', 'CL005', 67, 1, 'Upper'),
    ('B0050068', 'CL005', 68, 1, 'Side Lower'),
    ('B0050069', 'CL005', 69, 1, 'Side Upper'),
    ('B0050070', 'CL005', 70, 1, 'Lower'),
    ('B0050071', 'CL005', 71, 1, 'Middle'),
    ('B0050072', 'CL005', 72, 1, 'Upper'),
    ('B0050073', 'CL005', 73, 1, 'Lower'),
    ('B0050074', 'CL005', 74, 1, 'Middle'),
    ('B0050075', 'CL005', 75, 1, 'Upper'),
    ('B0050076', 'CL005', 76, 1, 'Side Lower'),
    ('B0050077', 'CL005', 77, 1, 'Side Upper'),
    ('B0050078', 'CL005', 78, 1, 'Lower'),
    ('B0050079', 'CL005', 79, 1, 'Middle'),
    ('B0050080', 'CL005', 80, 1, 'Upper'),
    ('B0050081', 'CL005', 81, 1, 'Lower'),
    ('B0050082', 'CL005', 82, 1, 'Middle'),
    ('B0050083', 'CL005', 83, 1, 'Upper'),
    ('B0050084', 'CL005', 84, 1, 'Side Lower'),
    ('B0050085', 'CL005', 85, 1, 'Side Upper'),
    ('B0050086', 'CL005', 86, 1, 'Lower'),
    ('B0050087', 'CL005', 87, 1, 'Middle'),
    ('B0050088', 'CL005', 88, 1, 'Upper'),
    ('B0050089', 'CL005', 89, 1, 'Lower'),
    ('B0050090', 'CL005', 90, 1, 'Middle'),
    ('B0050091', 'CL005', 1, 2, 'Lower'),
    ('B0050092', 'CL005', 2, 2, 'Middle'),
    ('B0050093', 'CL005', 3, 2, 'Upper'),
    ('B0050094', 'CL005', 4, 2, 'Side Lower'),
    ('B0050095', 'CL005', 5, 2, 'Side Upper'),
    ('B0050096', 'CL005', 6, 2, 'Lower'),
    ('B0050097', 'CL005', 7, 2, 'Middle'),
    ('B0050098', 'CL005', 8, 2, 'Upper'),
    ('B0050099', 'CL005', 9, 2, 'Lower'),
    ('B0050100', 'CL005', 10, 2, 'Middle'),
    ('B0050101', 'CL005', 11, 2, 'Upper'),
    ('B0050102', 'CL005', 12, 2, 'Side Lower'),
    ('B0050103', 'CL005', 13, 2, 'Side Upper'),
    ('B0050104', 'CL005', 14, 2, 'Lower'),
    ('B0050105', 'CL005', 15, 2, 'Middle'),
    ('B0050106', 'CL005', 16, 2, 'Upper'),
    ('B0050107', 'CL005', 17, 2, 'Lower'),
    ('B0050108', 'CL005', 18, 2, 'Middle'),
    ('B0050109', 'CL005', 19, 2, 'Upper'),
    ('B0050110', 'CL005', 20, 2, 'Side Lower'),
    ('B0050111', 'CL005', 21, 2, 'Side Upper'),
    ('B0050112', 'CL005', 22, 2, 'Lower'),
    ('B0050113', 'CL005', 23, 2, 'Middle'),
    ('B0050114', 'CL005', 24, 2, 'Upper'),
    ('B0050115', 'CL005', 25, 2, 'Lower'),
    ('B0050116', 'CL005', 26, 2, 'Middle'),
    ('B0050117', 'CL005', 27, 2, 'Upper'),
    ('B0050118', 'CL005', 28, 2, 'Side Lower'),
    ('B0050119', 'CL005', 29, 2, 'Side Upper'),
    ('B0050120', 'CL005', 30, 2, 'Lower'),
    ('B0050121', 'CL005', 31, 2, 'Middle'),
    ('B0050122', 'CL005', 32, 2, 'Upper'),
    ('B0050123', 'CL005', 33, 2, 'Lower'),
    ('B0050124', 'CL005', 34, 2, 'Middle'),
    ('B0050125', 'CL005', 35, 2, 'Upper'),
    ('B0050126', 'CL005', 36, 2, 'Side Lower'),
    ('B0050127', 'CL005', 37, 2, 'Side Upper'),
    ('B0050128', 'CL005', 38, 2, 'Lower'),
    ('B0050129', 'CL005', 39, 2, 'Middle'),
    ('B0050130', 'CL005', 40, 2, 'Upper'),
    ('B0050131', 'CL005', 41, 2, 'Lower'),
    ('B0050132', 'CL005', 42, 2, 'Middle'),
    ('B0050133', 'CL005', 43, 2, 'Upper'),
    ('B0050134', 'CL005', 44, 2, 'Side Lower'),
    ('B0050135', 'CL005', 45, 2, 'Side Upper'),
    ('B0050136', 'CL005', 46, 2, 'Lower'),
    ('B0050137', 'CL005', 47, 2, 'Middle'),
    ('B0050138', 'CL005', 48, 2, 'Upper'),
    ('B0050139', 'CL005', 49, 2, 'Lower'),
    ('B0050140', 'CL005', 50, 2, 'Middle'),
    ('B0050141', 'CL005', 51, 2, 'Upper'),
    ('B0050142', 'CL005', 52, 2, 'Side Lower'),
    ('B0050143', 'CL005', 53, 2, 'Side Upper'),
    ('B0050144', 'CL005', 54, 2, 'Lower'),
    ('B0050145', 'CL005', 55, 2, 'Middle'),
    ('B0050146', 'CL005', 56, 2, 'Upper'),
    ('B0050147', 'CL005', 57, 2, 'Lower'),
    ('B0050148', 'CL005', 58, 2, 'Middle'),
    ('B0050149', 'CL005', 59, 2, 'Upper'),
    ('B0050150', 'CL005', 60, 2, 'Side Lower'),
    ('B0050151', 'CL005', 61, 2, 'Side Upper'),
    ('B0050152', 'CL005', 62, 2, 'Lower'),
    ('B0050153', 'CL005', 63, 2, 'Middle'),
    ('B0050154', 'CL005', 64, 2, 'Upper'),
    ('B0050155', 'CL005', 65, 2, 'Lower'),
    ('B0050156', 'CL005', 66, 2, 'Middle'),
    ('B0050157', 'CL005', 67, 2, 'Upper'),
    ('B0050158', 'CL005', 68, 2, 'Side Lower'),
    ('B0050159', 'CL005', 69, 2, 'Side Upper'),
    ('B0050160', 'CL005', 70, 2, 'Lower'),
    ('B0050161', 'CL005', 71, 2, 'Middle'),
    ('B0050162', 'CL005', 72, 2, 'Upper'),
    ('B0050163', 'CL005', 73, 2, 'Lower'),
    ('B0050164', 'CL005', 74, 2, 'Middle'),
    ('B0050165', 'CL005', 75, 2, 'Upper'),
    ('B0050166', 'CL005', 76, 2, 'Side Lower'),
    ('B0050167', 'CL005', 77, 2, 'Side Upper'),
    ('B0050168', 'CL005', 78, 2, 'Lower'),
    ('B0050169', 'CL005', 79, 2, 'Middle'),
    ('B0050170', 'CL005', 80, 2, 'Upper'),
    ('B0050171', 'CL005', 81, 2, 'Lower'),
    ('B0050172', 'CL005', 82, 2, 'Middle'),
    ('B0050173', 'CL005', 83, 2, 'Upper'),
    ('B0050174', 'CL005', 84, 2, 'Side Lower'),
    ('B0050175', 'CL005', 85, 2, 'Side Upper'),
    ('B0050176', 'CL005', 86, 2, 'Lower'),
    ('B0050177', 'CL005', 87, 2, 'Middle'),
    ('B0050178', 'CL005', 88, 2, 'Upper'),
    ('B0050179', 'CL005', 89, 2, 'Lower'),
    ('B0050180', 'CL005', 90, 2, 'Middle'),
    ('B0050181', 'CL005', 1, 3, 'Lower'),
    ('B0050182', 'CL005', 2, 3, 'Middle'),
    ('B0050183', 'CL005', 3, 3, 'Upper'),
    ('B0050184', 'CL005', 4, 3, 'Side Lower'),
    ('B0050185', 'CL005', 5, 3, 'Side Upper'),
    ('B0050186', 'CL005', 6, 3, 'Lower'),
    ('B0050187', 'CL005', 7, 3, 'Middle'),
    ('B0050188', 'CL005', 8, 3, 'Upper'),
    ('B0050189', 'CL005', 9, 3, 'Lower'),
    ('B0050190', 'CL005', 10, 3, 'Middle'),
    ('B0050191', 'CL005', 11, 3, 'Upper'),
    ('B0050192', 'CL005', 12, 3, 'Side Lower'),
    ('B0050193', 'CL005', 13, 3, 'Side Upper'),
    ('B0050194', 'CL005', 14, 3, 'Lower'),
    ('B0050195', 'CL005', 15, 3, 'Middle'),
    ('B0050196', 'CL005', 16, 3, 'Upper'),
    ('B0050197', 'CL005', 17, 3, 'Lower'),
    ('B0050198', 'CL005', 18, 3, 'Middle'),
    ('B0050199', 'CL005', 19, 3, 'Upper'),
    ('B0050200', 'CL005', 20, 3, 'Side Lower'),
    ('B0050201', 'CL005', 21, 3, 'Side Upper'),
    ('B0050202', 'CL005', 22, 3, 'Lower'),
    ('B0050203', 'CL005', 23, 3, 'Middle'),
    ('B0050204', 'CL005', 24, 3, 'Upper'),
    ('B0050205', 'CL005', 25, 3, 'Lower'),
    ('B0050206', 'CL005', 26, 3, 'Middle'),
    ('B0050207', 'CL005', 27, 3, 'Upper'),
    ('B0050208', 'CL005', 28, 3, 'Side Lower'),
    ('B0050209', 'CL005', 29, 3, 'Side Upper'),
    ('B0050210', 'CL005', 30, 3, 'Lower'),
    ('B0050211', 'CL005', 31, 3, 'Middle'),
    ('B0050212', 'CL005', 32, 3, 'Upper'),
    ('B0050213', 'CL005', 33, 3, 'Lower'),
    ('B0050214', 'CL005', 34, 3, 'Middle'),
    ('B0050215', 'CL005', 35, 3, 'Upper'),
    ('B0050216', 'CL005', 36, 3, 'Side Lower'),
    ('B0050217', 'CL005', 37, 3, 'Side Upper'),
    ('B0050218', 'CL005', 38, 3, 'Lower'),
    ('B0050219', 'CL005', 39, 3, 'Middle'),
    ('B0050220', 'CL005', 40, 3, 'Upper'),
    ('B0050221', 'CL005', 41, 3, 'Lower'),
    ('B0050222', 'CL005', 42, 3, 'Middle'),
    ('B0050223', 'CL005', 43, 3, 'Upper'),
    ('B0050224', 'CL005', 44, 3, 'Side Lower'),
    ('B0050225', 'CL005', 45, 3, 'Side Upper'),
    ('B0050226', 'CL005', 46, 3, 'Lower'),
    ('B0050227', 'CL005', 47, 3, 'Middle'),
    ('B0050228', 'CL005', 48, 3, 'Upper'),
    ('B0050229', 'CL005', 49, 3, 'Lower'),
    ('B0050230', 'CL005', 50, 3, 'Middle'),
    ('B0050231', 'CL005', 51, 3, 'Upper'),
    ('B0050232', 'CL005', 52, 3, 'Side Lower'),
    ('B0050233', 'CL005', 53, 3, 'Side Upper'),
    ('B0050234', 'CL005', 54, 3, 'Lower'),
    ('B0050235', 'CL005', 55, 3, 'Middle'),
    ('B0050236', 'CL005', 56, 3, 'Upper'),
    ('B0050237', 'CL005', 57, 3, 'Lower'),
    ('B0050238', 'CL005', 58, 3, 'Middle'),
    ('B0050239', 'CL005', 59, 3, 'Upper'),
    ('B0050240', 'CL005', 60, 3, 'Side Lower'),
    ('B0050241', 'CL005', 61, 3, 'Side Upper'),
    ('B0050242', 'CL005', 62, 3, 'Lower'),
    ('B0050243', 'CL005', 63, 3, 'Middle'),
    ('B0050244', 'CL005', 64, 3, 'Upper'),
    ('B0050245', 'CL005', 65, 3, 'Lower'),
    ('B0050246', 'CL005', 66, 3, 'Middle'),
    ('B0050247', 'CL005', 67, 3, 'Upper'),
    ('B0050248', 'CL005', 68, 3, 'Side Lower'),
    ('B0050249', 'CL005', 69, 3, 'Side Upper'),
    ('B0050250', 'CL005', 70, 3, 'Lower'),
    ('B0050251', 'CL005', 71, 3, 'Middle'),
    ('B0050252', 'CL005', 72, 3, 'Upper'),
    ('B0050253', 'CL005', 73, 3, 'Lower'),
    ('B0050254', 'CL005', 74, 3, 'Middle'),
    ('B0050255', 'CL005', 75, 3, 'Upper'),
    ('B0050256', 'CL005', 76, 3, 'Side Lower'),
    ('B0050257', 'CL005', 77, 3, 'Side Upper'),
    ('B0050258', 'CL005', 78, 3, 'Lower'),
    ('B0050259', 'CL005', 79, 3, 'Middle'),
    ('B0050260', 'CL005', 80, 3, 'Upper'),
    ('B0050261', 'CL005', 81, 3, 'Lower'),
    ('B0050262', 'CL005', 82, 3, 'Middle'),
    ('B0050263', 'CL005', 83, 3, 'Upper'),
    ('B0050264', 'CL005', 84, 3, 'Side Lower'),
    ('B0050265', 'CL005', 85, 3, 'Side Upper'),
    ('B0050266', 'CL005', 86, 3, 'Lower'),
    ('B0050267', 'CL005', 87, 3, 'Middle'),
    ('B0050268', 'CL005', 88, 3, 'Upper'),
    ('B0050269', 'CL005', 89, 3, 'Lower'),
    ('B0050270', 'CL005', 90, 3, 'Middle'),
    ('B0050271', 'CL005', 1, 4, 'Lower'),
    ('B0050272', 'CL005', 2, 4, 'Middle'),
    ('B0050273', 'CL005', 3, 4, 'Upper'),
    ('B0050274', 'CL005', 4, 4, 'Side Lower'),
    ('B0050275', 'CL005', 5, 4, 'Side Upper'),
    ('B0050276', 'CL005', 6, 4, 'Lower'),
    ('B0050277', 'CL005', 7, 4, 'Middle'),
    ('B0050278', 'CL005', 8, 4, 'Upper'),
    ('B0050279', 'CL005', 9, 4, 'Lower'),
    ('B0050280', 'CL005', 10, 4, 'Middle'),
    ('B0050281', 'CL005', 11, 4, 'Upper'),
    ('B0050282', 'CL005', 12, 4, 'Side Lower'),
    ('B0050283', 'CL005', 13, 4, 'Side Upper'),
    ('B0050284', 'CL005', 14, 4, 'Lower'),
    ('B0050285', 'CL005', 15, 4, 'Middle'),
    ('B0050286', 'CL005', 16, 4, 'Upper'),
    ('B0050287', 'CL005', 17, 4, 'Lower'),
    ('B0050288', 'CL005', 18, 4, 'Middle'),
    ('B0050289', 'CL005', 19, 4, 'Upper'),
    ('B0050290', 'CL005', 20, 4, 'Side Lower'),
    ('B0050291', 'CL005', 21, 4, 'Side Upper'),
    ('B0050292', 'CL005', 22, 4, 'Lower'),
    ('B0050293', 'CL005', 23, 4, 'Middle'),
    ('B0050294', 'CL005', 24, 4, 'Upper'),
    ('B0050295', 'CL005', 25, 4, 'Lower'),
    ('B0050296', 'CL005', 26, 4, 'Middle'),
    ('B0050297', 'CL005', 27, 4, 'Upper'),
    ('B0050298', 'CL005', 28, 4, 'Side Lower'),
    ('B0050299', 'CL005', 29, 4, 'Side Upper'),
    ('B0050300', 'CL005', 30, 4, 'Lower'),
    ('B0050301', 'CL005', 31, 4, 'Middle'),
    ('B0050302', 'CL005', 32, 4, 'Upper'),
    ('B0050303', 'CL005', 33, 4, 'Lower'),
    ('B0050304', 'CL005', 34, 4, 'Middle'),
    ('B0050305', 'CL005', 35, 4, 'Upper'),
    ('B0050306', 'CL005', 36, 4, 'Side Lower'),
    ('B0050307', 'CL005', 37, 4, 'Side Upper'),
    ('B0050308', 'CL005', 38, 4, 'Lower'),
    ('B0050309', 'CL005', 39, 4, 'Middle'),
    ('B0050310', 'CL005', 40, 4, 'Upper'),
    ('B0050311', 'CL005', 41, 4, 'Lower'),
    ('B0050312', 'CL005', 42, 4, 'Middle'),
    ('B0050313', 'CL005', 43, 4, 'Upper'),
    ('B0050314', 'CL005', 44, 4, 'Side Lower'),
    ('B0050315', 'CL005', 45, 4, 'Side Upper'),
    ('B0050316', 'CL005', 46, 4, 'Lower'),
    ('B0050317', 'CL005', 47, 4, 'Middle'),
    ('B0050318', 'CL005', 48, 4, 'Upper'),
    ('B0050319', 'CL005', 49, 4, 'Lower'),
    ('B0050320', 'CL005', 50, 4, 'Middle'),
    ('B0050321', 'CL005', 51, 4, 'Upper'),
    ('B0050322', 'CL005', 52, 4, 'Side Lower'),
    ('B0050323', 'CL005', 53, 4, 'Side Upper'),
    ('B0050324', 'CL005', 54, 4, 'Lower'),
    ('B0050325', 'CL005', 55, 4, 'Middle'),
    ('B0050326', 'CL005', 56, 4, 'Upper'),
    ('B0050327', 'CL005', 57, 4, 'Lower'),
    ('B0050328', 'CL005', 58, 4, 'Middle'),
    ('B0050329', 'CL005', 59, 4, 'Upper'),
    ('B0050330', 'CL005', 60, 4, 'Side Lower'),
    ('B0050331', 'CL005', 61, 4, 'Side Upper'),
    ('B0050332', 'CL005', 62, 4, 'Lower'),
    ('B0050333', 'CL005', 63, 4, 'Middle'),
    ('B0050334', 'CL005', 64, 4, 'Upper'),
    ('B0050335', 'CL005', 65, 4, 'Lower'),
    ('B0050336', 'CL005', 66, 4, 'Middle'),
    ('B0050337', 'CL005', 67, 4, 'Upper'),
    ('B0050338', 'CL005', 68, 4, 'Side Lower'),
    ('B0050339', 'CL005', 69, 4, 'Side Upper'),
    ('B0050340', 'CL005', 70, 4, 'Lower'),
    ('B0050341', 'CL005', 71, 4, 'Middle'),
    ('B0050342', 'CL005', 72, 4, 'Upper'),
    ('B0050343', 'CL005', 73, 4, 'Lower'),
    ('B0050344', 'CL005', 74, 4, 'Middle'),
    ('B0050345', 'CL005', 75, 4, 'Upper'),
    ('B0050346', 'CL005', 76, 4, 'Side Lower'),
    ('B0050347', 'CL005', 77, 4, 'Side Upper'),
    ('B0050348', 'CL005', 78, 4, 'Lower'),
    ('B0050349', 'CL005', 79, 4, 'Middle'),
    ('B0050350', 'CL005', 80, 4, 'Upper'),
    ('B0050351', 'CL005', 81, 4, 'Lower'),
    ('B0050352', 'CL005', 82, 4, 'Middle'),
    ('B0050353', 'CL005', 83, 4, 'Upper'),
    ('B0050354', 'CL005', 84, 4, 'Side Lower'),
    ('B0050355', 'CL005', 85, 4, 'Side Upper'),
    ('B0050356', 'CL005', 86, 4, 'Lower'),
    ('B0050357', 'CL005', 87, 4, 'Middle'),
    ('B0050358', 'CL005', 88, 4, 'Upper'),
    ('B0050359', 'CL005', 89, 4, 'Lower'),
    ('B0050360', 'CL005', 90, 4, 'Middle'),
    ('B0050361', 'CL005', 1, 5, 'Lower'),
    ('B0050362', 'CL005', 2, 5, 'Middle'),
    ('B0050363', 'CL005', 3, 5, 'Upper'),
    ('B0050364', 'CL005', 4, 5, 'Side Lower'),
    ('B0050365', 'CL005', 5, 5, 'Side Upper'),
    ('B0050366', 'CL005', 6, 5, 'Lower'),
    ('B0050367', 'CL005', 7, 5, 'Middle'),
    ('B0050368', 'CL005', 8, 5, 'Upper'),
    ('B0050369', 'CL005', 9, 5, 'Lower'),
    ('B0050370', 'CL005', 10, 5, 'Middle'),
    ('B0050371', 'CL005', 11, 5, 'Upper'),
    ('B0050372', 'CL005', 12, 5, 'Side Lower'),
    ('B0050373', 'CL005', 13, 5, 'Side Upper'),
    ('B0050374', 'CL005', 14, 5, 'Lower'),
    ('B0050375', 'CL005', 15, 5, 'Middle'),
    ('B0050376', 'CL005', 16, 5, 'Upper'),
    ('B0050377', 'CL005', 17, 5, 'Lower'),
    ('B0050378', 'CL005', 18, 5, 'Middle'),
    ('B0050379', 'CL005', 19, 5, 'Upper'),
    ('B0050380', 'CL005', 20, 5, 'Side Lower'),
    ('B0050381', 'CL005', 21, 5, 'Side Upper'),
    ('B0050382', 'CL005', 22, 5, 'Lower'),
    ('B0050383', 'CL005', 23, 5, 'Middle'),
    ('B0050384', 'CL005', 24, 5, 'Upper'),
    ('B0050385', 'CL005', 25, 5, 'Lower'),
    ('B0050386', 'CL005', 26, 5, 'Middle'),
    ('B0050387', 'CL005', 27, 5, 'Upper'),
    ('B0050388', 'CL005', 28, 5, 'Side Lower'),
    ('B0050389', 'CL005', 29, 5, 'Side Upper'),
    ('B0050390', 'CL005', 30, 5, 'Lower'),
    ('B0050391', 'CL005', 31, 5, 'Middle'),
    ('B0050392', 'CL005', 32, 5, 'Upper'),
    ('B0050393', 'CL005', 33, 5, 'Lower'),
    ('B0050394', 'CL005', 34, 5, 'Middle'),
    ('B0050395', 'CL005', 35, 5, 'Upper'),
    ('B0050396', 'CL005', 36, 5, 'Side Lower'),
    ('B0050397', 'CL005', 37, 5, 'Side Upper'),
    ('B0050398', 'CL005', 38, 5, 'Lower'),
    ('B0050399', 'CL005', 39, 5, 'Middle'),
    ('B0050400', 'CL005', 40, 5, 'Upper'),
    ('B0050401', 'CL005', 41, 5, 'Lower'),
    ('B0050402', 'CL005', 42, 5, 'Middle'),
    ('B0050403', 'CL005', 43, 5, 'Upper'),
    ('B0050404', 'CL005', 44, 5, 'Side Lower'),
    ('B0050405', 'CL005', 45, 5, 'Side Upper'),
    ('B0050406', 'CL005', 46, 5, 'Lower'),
    ('B0050407', 'CL005', 47, 5, 'Middle'),
    ('B0050408', 'CL005', 48, 5, 'Upper'),
    ('B0050409', 'CL005', 49, 5, 'Lower'),
    ('B0050410', 'CL005', 50, 5, 'Middle'),
    ('B0050411', 'CL005', 51, 5, 'Upper'),
    ('B0050412', 'CL005', 52, 5, 'Side Lower'),
    ('B0050413', 'CL005', 53, 5, 'Side Upper'),
    ('B0050414', 'CL005', 54, 5, 'Lower'),
    ('B0050415', 'CL005', 55, 5, 'Middle'),
    ('B0050416', 'CL005', 56, 5, 'Upper'),
    ('B0050417', 'CL005', 57, 5, 'Lower'),
    ('B0050418', 'CL005', 58, 5, 'Middle'),
    ('B0050419', 'CL005', 59, 5, 'Upper'),
    ('B0050420', 'CL005', 60, 5, 'Side Lower'),
    ('B0050421', 'CL005', 61, 5, 'Side Upper'),
    ('B0050422', 'CL005', 62, 5, 'Lower'),
    ('B0050423', 'CL005', 63, 5, 'Middle'),
    ('B0050424', 'CL005', 64, 5, 'Upper'),
    ('B0050425', 'CL005', 65, 5, 'Lower'),
    ('B0050426', 'CL005', 66, 5, 'Middle'),
    ('B0050427', 'CL005', 67, 5, 'Upper'),
    ('B0050428', 'CL005', 68, 5, 'Side Lower'),
    ('B0050429', 'CL005', 69, 5, 'Side Upper'),
    ('B0050430', 'CL005', 70, 5, 'Lower'),
    ('B0050431', 'CL005', 71, 5, 'Middle'),
    ('B0050432', 'CL005', 72, 5, 'Upper'),
    ('B0050433', 'CL005', 73, 5, 'Lower'),
    ('B0050434', 'CL005', 74, 5, 'Middle'),
    ('B0050435', 'CL005', 75, 5, 'Upper'),
    ('B0050436', 'CL005', 76, 5, 'Side Lower'),
    ('B0050437', 'CL005', 77, 5, 'Side Upper'),
    ('B0050438', 'CL005', 78, 5, 'Lower'),
    ('B0050439', 'CL005', 79, 5, 'Middle'),
    ('B0050440', 'CL005', 80, 5, 'Upper'),
    ('B0050441', 'CL005', 81, 5, 'Lower'),
    ('B0050442', 'CL005', 82, 5, 'Middle'),
    ('B0050443', 'CL005', 83, 5, 'Upper'),
    ('B0050444', 'CL005', 84, 5, 'Side Lower'),
    ('B0050445', 'CL005', 85, 5, 'Side Upper'),
    ('B0050446', 'CL005', 86, 5, 'Lower'),
    ('B0050447', 'CL005', 87, 5, 'Middle'),
    ('B0050448', 'CL005', 88, 5, 'Upper'),
    ('B0050449', 'CL005', 89, 5, 'Lower'),
    ('B0050450', 'CL005', 90, 5, 'Middle'),
    ('B0050451', 'CL005', 1, 6, 'Lower'),
    ('B0050452', 'CL005', 2, 6, 'Middle'),
    ('B0050453', 'CL005', 3, 6, 'Upper'),
    ('B0050454', 'CL005', 4, 6, 'Side Lower'),
    ('B0050455', 'CL005', 5, 6, 'Side Upper'),
    ('B0050456', 'CL005', 6, 6, 'Lower'),
    ('B0050457', 'CL005', 7, 6, 'Middle'),
    ('B0050458', 'CL005', 8, 6, 'Upper'),
    ('B0050459', 'CL005', 9, 6, 'Lower'),
    ('B0050460', 'CL005', 10, 6, 'Middle'),
    ('B0050461', 'CL005', 11, 6, 'Upper'),
    ('B0050462', 'CL005', 12, 6, 'Side Lower'),
    ('B0050463', 'CL005', 13, 6, 'Side Upper'),
    ('B0050464', 'CL005', 14, 6, 'Lower'),
    ('B0050465', 'CL005', 15, 6, 'Middle'),
    ('B0050466', 'CL005', 16, 6, 'Upper'),
    ('B0050467', 'CL005', 17, 6, 'Lower'),
    ('B0050468', 'CL005', 18, 6, 'Middle'),
    ('B0050469', 'CL005', 19, 6, 'Upper'),
    ('B0050470', 'CL005', 20, 6, 'Side Lower'),
    ('B0050471', 'CL005', 21, 6, 'Side Upper'),
    ('B0050472', 'CL005', 22, 6, 'Lower'),
    ('B0050473', 'CL005', 23, 6, 'Middle'),
    ('B0050474', 'CL005', 24, 6, 'Upper'),
    ('B0050475', 'CL005', 25, 6, 'Lower'),
    ('B0050476', 'CL005', 26, 6, 'Middle'),
    ('B0050477', 'CL005', 27, 6, 'Upper'),
    ('B0050478', 'CL005', 28, 6, 'Side Lower'),
    ('B0050479', 'CL005', 29, 6, 'Side Upper'),
    ('B0050480', 'CL005', 30, 6, 'Lower'),
    ('B0050481', 'CL005', 31, 6, 'Middle'),
    ('B0050482', 'CL005', 32, 6, 'Upper'),
    ('B0050483', 'CL005', 33, 6, 'Lower'),
    ('B0050484', 'CL005', 34, 6, 'Middle'),
    ('B0050485', 'CL005', 35, 6, 'Upper'),
    ('B0050486', 'CL005', 36, 6, 'Side Lower'),
    ('B0050487', 'CL005', 37, 6, 'Side Upper'),
    ('B0050488', 'CL005', 38, 6, 'Lower'),
    ('B0050489', 'CL005', 39, 6, 'Middle'),
    ('B0050490', 'CL005', 40, 6, 'Upper'),
    ('B0050491', 'CL005', 41, 6, 'Lower'),
    ('B0050492', 'CL005', 42, 6, 'Middle'),
    ('B0050493', 'CL005', 43, 6, 'Upper'),
    ('B0050494', 'CL005', 44, 6, 'Side Lower'),
    ('B0050495', 'CL005', 45, 6, 'Side Upper'),
    ('B0050496', 'CL005', 46, 6, 'Lower'),
    ('B0050497', 'CL005', 47, 6, 'Middle'),
    ('B0050498', 'CL005', 48, 6, 'Upper'),
    ('B0050499', 'CL005', 49, 6, 'Lower'),
    ('B0050500', 'CL005', 50, 6, 'Middle'),
    ('B0050501', 'CL005', 51, 6, 'Upper'),
    ('B0050502', 'CL005', 52, 6, 'Side Lower'),
    ('B0050503', 'CL005', 53, 6, 'Side Upper'),
    ('B0050504', 'CL005', 54, 6, 'Lower'),
    ('B0050505', 'CL005', 55, 6, 'Middle'),
    ('B0050506', 'CL005', 56, 6, 'Upper'),
    ('B0050507', 'CL005', 57, 6, 'Lower'),
    ('B0050508', 'CL005', 58, 6, 'Middle'),
    ('B0050509', 'CL005', 59, 6, 'Upper'),
    ('B0050510', 'CL005', 60, 6, 'Side Lower'),
    ('B0050511', 'CL005', 61, 6, 'Side Upper'),
    ('B0050512', 'CL005', 62, 6, 'Lower'),
    ('B0050513', 'CL005', 63, 6, 'Middle'),
    ('B0050514', 'CL005', 64, 6, 'Upper'),
    ('B0050515', 'CL005', 65, 6, 'Lower'),
    ('B0050516', 'CL005', 66, 6, 'Middle'),
    ('B0050517', 'CL005', 67, 6, 'Upper'),
    ('B0050518', 'CL005', 68, 6, 'Side Lower'),
    ('B0050519', 'CL005', 69, 6, 'Side Upper'),
    ('B0050520', 'CL005', 70, 6, 'Lower'),
    ('B0050521', 'CL005', 71, 6, 'Middle'),
    ('B0050522', 'CL005', 72, 6, 'Upper'),
    ('B0050523', 'CL005', 73, 6, 'Lower'),
    ('B0050524', 'CL005', 74, 6, 'Middle'),
    ('B0050525', 'CL005', 75, 6, 'Upper'),
    ('B0050526', 'CL005', 76, 6, 'Side Lower'),
    ('B0050527', 'CL005', 77, 6, 'Side Upper'),
    ('B0050528', 'CL005', 78, 6, 'Lower'),
    ('B0050529', 'CL005', 79, 6, 'Middle'),
    ('B0050530', 'CL005', 80, 6, 'Upper'),
    ('B0050531', 'CL005', 81, 6, 'Lower'),
    ('B0050532', 'CL005', 82, 6, 'Middle'),
    ('B0050533', 'CL005', 83, 6, 'Upper'),
    ('B0050534', 'CL005', 84, 6, 'Side Lower'),
    ('B0050535', 'CL005', 85, 6, 'Side Upper'),
    ('B0050536', 'CL005', 86, 6, 'Lower'),
    ('B0050537', 'CL005', 87, 6, 'Middle'),
    ('B0050538', 'CL005', 88, 6, 'Upper'),
    ('B0050539', 'CL005', 89, 6, 'Lower'),
    ('B0050540', 'CL005', 90, 6, 'Middle'),
    ('B0050541', 'CL005', 1, 7, 'Lower'),
    ('B0050542', 'CL005', 2, 7, 'Middle'),
    ('B0050543', 'CL005', 3, 7, 'Upper'),
    ('B0050544', 'CL005', 4, 7, 'Side Lower'),
    ('B0050545', 'CL005', 5, 7, 'Side Upper'),
    ('B0050546', 'CL005', 6, 7, 'Lower'),
    ('B0050547', 'CL005', 7, 7, 'Middle'),
    ('B0050548', 'CL005', 8, 7, 'Upper'),
    ('B0050549', 'CL005', 9, 7, 'Lower'),
    ('B0050550', 'CL005', 10, 7, 'Middle'),
    ('B0050551', 'CL005', 11, 7, 'Upper'),
    ('B0050552', 'CL005', 12, 7, 'Side Lower'),
    ('B0050553', 'CL005', 13, 7, 'Side Upper'),
    ('B0050554', 'CL005', 14, 7, 'Lower'),
    ('B0050555', 'CL005', 15, 7, 'Middle'),
    ('B0050556', 'CL005', 16, 7, 'Upper'),
    ('B0050557', 'CL005', 17, 7, 'Lower'),
    ('B0050558', 'CL005', 18, 7, 'Middle'),
    ('B0050559', 'CL005', 19, 7, 'Upper'),
    ('B0050560', 'CL005', 20, 7, 'Side Lower'),
    ('B0050561', 'CL005', 21, 7, 'Side Upper'),
    ('B0050562', 'CL005', 22, 7, 'Lower'),
    ('B0050563', 'CL005', 23, 7, 'Middle'),
    ('B0050564', 'CL005', 24, 7, 'Upper'),
    ('B0050565', 'CL005', 25, 7, 'Lower'),
    ('B0050566', 'CL005', 26, 7, 'Middle'),
    ('B0050567', 'CL005', 27, 7, 'Upper'),
    ('B0050568', 'CL005', 28, 7, 'Side Lower'),
    ('B0050569', 'CL005', 29, 7, 'Side Upper'),
    ('B0050570', 'CL005', 30, 7, 'Lower'),
    ('B0050571', 'CL005', 31, 7, 'Middle'),
    ('B0050572', 'CL005', 32, 7, 'Upper'),
    ('B0050573', 'CL005', 33, 7, 'Lower'),
    ('B0050574', 'CL005', 34, 7, 'Middle'),
    ('B0050575', 'CL005', 35, 7, 'Upper'),
    ('B0050576', 'CL005', 36, 7, 'Side Lower'),
    ('B0050577', 'CL005', 37, 7, 'Side Upper'),
    ('B0050578', 'CL005', 38, 7, 'Lower'),
    ('B0050579', 'CL005', 39, 7, 'Middle'),
    ('B0050580', 'CL005', 40, 7, 'Upper'),
    ('B0050581', 'CL005', 41, 7, 'Lower'),
    ('B0050582', 'CL005', 42, 7, 'Middle'),
    ('B0050583', 'CL005', 43, 7, 'Upper'),
    ('B0050584', 'CL005', 44, 7, 'Side Lower'),
    ('B0050585', 'CL005', 45, 7, 'Side Upper'),
    ('B0050586', 'CL005', 46, 7, 'Lower'),
    ('B0050587', 'CL005', 47, 7, 'Middle'),
    ('B0050588', 'CL005', 48, 7, 'Upper'),
    ('B0050589', 'CL005', 49, 7, 'Lower'),
    ('B0050590', 'CL005', 50, 7, 'Middle'),
    ('B0050591', 'CL005', 51, 7, 'Upper'),
    ('B0050592', 'CL005', 52, 7, 'Side Lower'),
    ('B0050593', 'CL005', 53, 7, 'Side Upper'),
    ('B0050594', 'CL005', 54, 7, 'Lower'),
    ('B0050595', 'CL005', 55, 7, 'Middle'),
    ('B0050596', 'CL005', 56, 7, 'Upper'),
    ('B0050597', 'CL005', 57, 7, 'Lower'),
    ('B0050598', 'CL005', 58, 7, 'Middle'),
    ('B0050599', 'CL005', 59, 7, 'Upper'),
    ('B0050600', 'CL005', 60, 7, 'Side Lower'),
    ('B0050601', 'CL005', 61, 7, 'Side Upper'),
    ('B0050602', 'CL005', 62, 7, 'Lower'),
    ('B0050603', 'CL005', 63, 7, 'Middle'),
    ('B0050604', 'CL005', 64, 7, 'Upper'),
    ('B0050605', 'CL005', 65, 7, 'Lower'),
    ('B0050606', 'CL005', 66, 7, 'Middle'),
    ('B0050607', 'CL005', 67, 7, 'Upper'),
    ('B0050608', 'CL005', 68, 7, 'Side Lower'),
    ('B0050609', 'CL005', 69, 7, 'Side Upper'),
    ('B0050610', 'CL005', 70, 7, 'Lower'),
    ('B0050611', 'CL005', 71, 7, 'Middle'),
    ('B0050612', 'CL005', 72, 7, 'Upper'),
    ('B0050613', 'CL005', 73, 7, 'Lower'),
    ('B0050614', 'CL005', 74, 7, 'Middle'),
    ('B0050615', 'CL005', 75, 7, 'Upper'),
    ('B0050616', 'CL005', 76, 7, 'Side Lower'),
    ('B0050617', 'CL005', 77, 7, 'Side Upper'),
    ('B0050618', 'CL005', 78, 7, 'Lower'),
    ('B0050619', 'CL005', 79, 7, 'Middle'),
    ('B0050620', 'CL005', 80, 7, 'Upper'),
    ('B0050621', 'CL005', 81, 7, 'Lower'),
    ('B0050622', 'CL005', 82, 7, 'Middle'),
    ('B0050623', 'CL005', 83, 7, 'Upper'),
    ('B0050624', 'CL005', 84, 7, 'Side Lower'),
    ('B0050625', 'CL005', 85, 7, 'Side Upper'),
    ('B0050626', 'CL005', 86, 7, 'Lower'),
    ('B0050627', 'CL005', 87, 7, 'Middle'),
    ('B0050628', 'CL005', 88, 7, 'Upper'),
    ('B0050629', 'CL005', 89, 7, 'Lower'),
    ('B0050630', 'CL005', 90, 7, 'Middle'),
    ('B0050631', 'CL005', 1, 8, 'Lower'),
    ('B0050632', 'CL005', 2, 8, 'Middle'),
    ('B0050633', 'CL005', 3, 8, 'Upper'),
    ('B0050634', 'CL005', 4, 8, 'Side Lower'),
    ('B0050635', 'CL005', 5, 8, 'Side Upper'),
    ('B0050636', 'CL005', 6, 8, 'Lower'),
    ('B0050637', 'CL005', 7, 8, 'Middle'),
    ('B0050638', 'CL005', 8, 8, 'Upper'),
    ('B0050639', 'CL005', 9, 8, 'Lower'),
    ('B0050640', 'CL005', 10, 8, 'Middle'),
    ('B0050641', 'CL005', 11, 8, 'Upper'),
    ('B0050642', 'CL005', 12, 8, 'Side Lower'),
    ('B0050643', 'CL005', 13, 8, 'Side Upper'),
    ('B0050644', 'CL005', 14, 8, 'Lower'),
    ('B0050645', 'CL005', 15, 8, 'Middle'),
    ('B0050646', 'CL005', 16, 8, 'Upper'),
    ('B0050647', 'CL005', 17, 8, 'Lower'),
    ('B0050648', 'CL005', 18, 8, 'Middle'),
    ('B0050649', 'CL005', 19, 8, 'Upper'),
    ('B0050650', 'CL005', 20, 8, 'Side Lower'),
    ('B0050651', 'CL005', 21, 8, 'Side Upper'),
    ('B0050652', 'CL005', 22, 8, 'Lower'),
    ('B0050653', 'CL005', 23, 8, 'Middle'),
    ('B0050654', 'CL005', 24, 8, 'Upper'),
    ('B0050655', 'CL005', 25, 8, 'Lower'),
    ('B0050656', 'CL005', 26, 8, 'Middle'),
    ('B0050657', 'CL005', 27, 8, 'Upper'),
    ('B0050658', 'CL005', 28, 8, 'Side Lower'),
    ('B0050659', 'CL005', 29, 8, 'Side Upper'),
    ('B0050660', 'CL005', 30, 8, 'Lower'),
    ('B0050661', 'CL005', 31, 8, 'Middle'),
    ('B0050662', 'CL005', 32, 8, 'Upper'),
    ('B0050663', 'CL005', 33, 8, 'Lower'),
    ('B0050664', 'CL005', 34, 8, 'Middle'),
    ('B0050665', 'CL005', 35, 8, 'Upper'),
    ('B0050666', 'CL005', 36, 8, 'Side Lower'),
    ('B0050667', 'CL005', 37, 8, 'Side Upper'),
    ('B0050668', 'CL005', 38, 8, 'Lower'),
    ('B0050669', 'CL005', 39, 8, 'Middle'),
    ('B0050670', 'CL005', 40, 8, 'Upper'),
    ('B0050671', 'CL005', 41, 8, 'Lower'),
    ('B0050672', 'CL005', 42, 8, 'Middle'),
    ('B0050673', 'CL005', 43, 8, 'Upper'),
    ('B0050674', 'CL005', 44, 8, 'Side Lower'),
    ('B0050675', 'CL005', 45, 8, 'Side Upper'),
    ('B0050676', 'CL005', 46, 8, 'Lower'),
    ('B0050677', 'CL005', 47, 8, 'Middle'),
    ('B0050678', 'CL005', 48, 8, 'Upper'),
    ('B0050679', 'CL005', 49, 8, 'Lower'),
    ('B0050680', 'CL005', 50, 8, 'Middle'),
    ('B0050681', 'CL005', 51, 8, 'Upper'),
    ('B0050682', 'CL005', 52, 8, 'Side Lower'),
    ('B0050683', 'CL005', 53, 8, 'Side Upper'),
    ('B0050684', 'CL005', 54, 8, 'Lower'),
    ('B0050685', 'CL005', 55, 8, 'Middle'),
    ('B0050686', 'CL005', 56, 8, 'Upper'),
    ('B0050687', 'CL005', 57, 8, 'Lower'),
    ('B0050688', 'CL005', 58, 8, 'Middle'),
    ('B0050689', 'CL005', 59, 8, 'Upper'),
    ('B0050690', 'CL005', 60, 8, 'Side Lower'),
    ('B0050691', 'CL005', 61, 8, 'Side Upper'),
    ('B0050692', 'CL005', 62, 8, 'Lower'),
    ('B0050693', 'CL005', 63, 8, 'Middle'),
    ('B0050694', 'CL005', 64, 8, 'Upper'),
    ('B0050695', 'CL005', 65, 8, 'Lower'),
    ('B0050696', 'CL005', 66, 8, 'Middle'),
    ('B0050697', 'CL005', 67, 8, 'Upper'),
    ('B0050698', 'CL005', 68, 8, 'Side Lower'),
    ('B0050699', 'CL005', 69, 8, 'Side Upper'),
    ('B0050700', 'CL005', 70, 8, 'Lower'),
    ('B0050701', 'CL005', 71, 8, 'Middle'),
    ('B0050702', 'CL005', 72, 8, 'Upper'),
    ('B0050703', 'CL005', 73, 8, 'Lower'),
    ('B0050704', 'CL005', 74, 8, 'Middle'),
    ('B0050705', 'CL005', 75, 8, 'Upper'),
    ('B0050706', 'CL005', 76, 8, 'Side Lower'),
    ('B0050707', 'CL005', 77, 8, 'Side Upper'),
    ('B0050708', 'CL005', 78, 8, 'Lower'),
    ('B0050709', 'CL005', 79, 8, 'Middle'),
    ('B0050710', 'CL005', 80, 8, 'Upper'),
    ('B0050711', 'CL005', 81, 8, 'Lower'),
    ('B0050712', 'CL005', 82, 8, 'Middle'),
    ('B0050713', 'CL005', 83, 8, 'Upper'),
    ('B0050714', 'CL005', 84, 8, 'Side Lower'),
    ('B0050715', 'CL005', 85, 8, 'Side Upper'),
    ('B0050716', 'CL005', 86, 8, 'Lower'),
    ('B0050717', 'CL005', 87, 8, 'Middle'),
    ('B0050718', 'CL005', 88, 8, 'Upper'),
    ('B0050719', 'CL005', 89, 8, 'Lower'),
    ('B0050720', 'CL005', 90, 8, 'Middle'),
    ('B0050721', 'CL005', 1, 9, 'Lower'),
    ('B0050722', 'CL005', 2, 9, 'Middle'),
    ('B0050723', 'CL005', 3, 9, 'Upper'),
    ('B0050724', 'CL005', 4, 9, 'Side Lower'),
    ('B0050725', 'CL005', 5, 9, 'Side Upper'),
    ('B0050726', 'CL005', 6, 9, 'Lower'),
    ('B0050727', 'CL005', 7, 9, 'Middle'),
    ('B0050728', 'CL005', 8, 9, 'Upper'),
    ('B0050729', 'CL005', 9, 9, 'Lower'),
    ('B0050730', 'CL005', 10, 9, 'Middle'),
    ('B0050731', 'CL005', 11, 9, 'Upper'),
    ('B0050732', 'CL005', 12, 9, 'Side Lower'),
    ('B0050733', 'CL005', 13, 9, 'Side Upper'),
    ('B0050734', 'CL005', 14, 9, 'Lower'),
    ('B0050735', 'CL005', 15, 9, 'Middle'),
    ('B0050736', 'CL005', 16, 9, 'Upper'),
    ('B0050737', 'CL005', 17, 9, 'Lower'),
    ('B0050738', 'CL005', 18, 9, 'Middle'),
    ('B0050739', 'CL005', 19, 9, 'Upper'),
    ('B0050740', 'CL005', 20, 9, 'Side Lower'),
    ('B0050741', 'CL005', 21, 9, 'Side Upper'),
    ('B0050742', 'CL005', 22, 9, 'Lower'),
    ('B0050743', 'CL005', 23, 9, 'Middle'),
    ('B0050744', 'CL005', 24, 9, 'Upper'),
    ('B0050745', 'CL005', 25, 9, 'Lower'),
    ('B0050746', 'CL005', 26, 9, 'Middle'),
    ('B0050747', 'CL005', 27, 9, 'Upper'),
    ('B0050748', 'CL005', 28, 9, 'Side Lower'),
    ('B0050749', 'CL005', 29, 9, 'Side Upper'),
    ('B0050750', 'CL005', 30, 9, 'Lower'),
    ('B0050751', 'CL005', 31, 9, 'Middle'),
    ('B0050752', 'CL005', 32, 9, 'Upper'),
    ('B0050753', 'CL005', 33, 9, 'Lower'),
    ('B0050754', 'CL005', 34, 9, 'Middle'),
    ('B0050755', 'CL005', 35, 9, 'Upper'),
    ('B0050756', 'CL005', 36, 9, 'Side Lower'),
    ('B0050757', 'CL005', 37, 9, 'Side Upper'),
    ('B0050758', 'CL005', 38, 9, 'Lower'),
    ('B0050759', 'CL005', 39, 9, 'Middle'),
    ('B0050760', 'CL005', 40, 9, 'Upper'),
    ('B0050761', 'CL005', 41, 9, 'Lower'),
    ('B0050762', 'CL005', 42, 9, 'Middle'),
    ('B0050763', 'CL005', 43, 9, 'Upper'),
    ('B0050764', 'CL005', 44, 9, 'Side Lower'),
    ('B0050765', 'CL005', 45, 9, 'Side Upper'),
    ('B0050766', 'CL005', 46, 9, 'Lower'),
    ('B0050767', 'CL005', 47, 9, 'Middle'),
    ('B0050768', 'CL005', 48, 9, 'Upper'),
    ('B0050769', 'CL005', 49, 9, 'Lower'),
    ('B0050770', 'CL005', 50, 9, 'Middle'),
    ('B0050771', 'CL005', 51, 9, 'Upper'),
    ('B0050772', 'CL005', 52, 9, 'Side Lower'),
    ('B0050773', 'CL005', 53, 9, 'Side Upper'),
    ('B0050774', 'CL005', 54, 9, 'Lower'),
    ('B0050775', 'CL005', 55, 9, 'Middle'),
    ('B0050776', 'CL005', 56, 9, 'Upper'),
    ('B0050777', 'CL005', 57, 9, 'Lower'),
    ('B0050778', 'CL005', 58, 9, 'Middle'),
    ('B0050779', 'CL005', 59, 9, 'Upper'),
    ('B0050780', 'CL005', 60, 9, 'Side Lower'),
    ('B0050781', 'CL005', 61, 9, 'Side Upper'),
    ('B0050782', 'CL005', 62, 9, 'Lower'),
    ('B0050783', 'CL005', 63, 9, 'Middle'),
    ('B0050784', 'CL005', 64, 9, 'Upper'),
    ('B0050785', 'CL005', 65, 9, 'Lower'),
    ('B0050786', 'CL005', 66, 9, 'Middle'),
    ('B0050787', 'CL005', 67, 9, 'Upper'),
    ('B0050788', 'CL005', 68, 9, 'Side Lower'),
    ('B0050789', 'CL005', 69, 9, 'Side Upper'),
    ('B0050790', 'CL005', 70, 9, 'Lower'),
    ('B0050791', 'CL005', 71, 9, 'Middle'),
    ('B0050792', 'CL005', 72, 9, 'Upper'),
    ('B0050793', 'CL005', 73, 9, 'Lower');
    
    
    INSERT INTO dependent (dependent_id, employee_id, f_name, l_name, dob, gender, relation)
VALUES
('DEP001', 'E001', 'Anita', 'Khanna', '1980-08-20', 'female', 'spouse'),
('DEP002', 'E001', 'Rohan', 'Khanna', '2012-03-15', 'male', 'child'),
('DEP003', 'E002', 'Arun', 'Menon', '1983-11-10', 'male', 'spouse'),
('DEP004', 'E003', 'Sunita', 'Roy', '1985-07-22', 'female', 'spouse'),
('DEP005', 'E004', 'Raj', 'Reddy', '1982-04-18', 'male', 'spouse'),
('DEP006', 'E006', 'Sanjay', 'Sharma', '1984-09-30', 'male', 'spouse'),
('DEP007', 'E007', 'Priya', 'Nair', '1988-12-05', 'female', 'spouse'),
('DEP008', 'E009', 'Lata', 'Kumar', '1979-06-14', 'female', 'spouse'),
('DEP009', 'E009', 'Amit', 'Kumar', '2014-08-25', 'male', 'child'),
('DEP010', 'E010', 'Ravi', 'Iyer', '1983-03-12', 'male', 'spouse');


INSERT INTO employee_booking_history (booking_id, employee_id, pnr_no, passenger_name, train_no, from_station, to_station, travel_date, class_id, booking_status, booking_time, cancellation_time)
VALUES
('EBH077713', 'E001', 'EPNR077713', 'Anita Khanna', '12301', 'ST001', 'ST002', '2025-11-15', 'CL001', 'confirmed', '2025-11-04 20:24:37', NULL),
('EBH095045', 'E002', 'EPNR095045', 'Priya Menon', '12301', 'ST001', 'ST002', '2025-11-22', 'CL002', 'confirmed', '2025-11-05 12:48:15', NULL),
('EBH215731', 'E001', 'EPNR215731', 'Rajesh Khanna', '12301', 'ST001', 'ST002', '2025-11-15', 'CL001', 'confirmed', '2025-11-03 22:13:35', NULL),
('EBH238145', 'E001', 'EPNR238145', 'Rajesh Khanna', '12301', 'ST001', 'ST002', '2025-11-15', 'CL001', 'confirmed', '2025-11-04 21:17:18', NULL),
('EBH409945', 'E001', 'EPNR409945', 'Anita Khanna', '12301', 'ST001', 'ST002', '2025-11-15', 'CL001', 'confirmed', '2025-11-04 19:23:29', NULL),
('EBH479255', 'E001', 'EPNR479255', 'Anita Khanna', '12301', 'ST001', 'ST002', '2025-11-15', 'CL001', 'confirmed', '2025-11-04 11:04:39', NULL),
('EBH517766', 'E001', 'EPNR517766', 'Rajesh Khanna', '12301', 'ST001', 'ST002', '2025-11-15', 'CL001', 'confirmed', '2025-11-04 20:15:17', NULL),
('EBH537217', 'E001', 'EPNR537217', 'Anita Khanna', '12301', 'ST001', 'ST002', '2025-11-15', 'CL001', 'confirmed', '2025-11-03 22:18:57', NULL),
('EBH813652', 'E001', 'EPNR813652', 'Rajesh Khanna', '12301', 'ST001', 'ST002', '2025-11-29', 'CL001', 'confirmed', '2025-11-04 20:36:53', NULL),
('EBH925656', 'E001', 'EPNR925656', 'Anita Khanna', '12301', 'ST001', 'ST002', '2025-11-28', 'CL001', 'confirmed', '2025-11-04 20:38:45', NULL),
('ECH147527', 'E002', 'EPNR095045', 'Priya Menon', '12301', 'ST001', 'ST002', '2025-11-22', 'CL002', 'cancelled', '2025-11-05 12:49:07', '2025-11-05 12:49:07'),
('ECH269831', 'E001', 'EPNR925656', 'Anita Khanna', '12301', 'ST001', 'ST002', '2025-11-28', 'CL001', 'cancelled', '2025-11-05 06:11:09', '2025-11-05 06:11:09'),
('ECH329128', 'E001', 'EPNR813652', 'Rajesh Khanna', '12301', 'ST001', 'ST002', '2025-11-29', 'CL001', 'cancelled', '2025-11-05 06:12:09', '2025-11-05 06:12:09'),
('ECH360598', 'E001', 'EPNR238145', 'Rajesh Khanna', '12301', 'ST001', 'ST002', '2025-11-15', 'CL001', 'cancelled', '2025-11-05 05:56:00', '2025-11-05 05:56:00'),
('ECH403314', 'E001', 'EPNR215731', 'Rajesh Khanna', '12301', 'ST001', 'ST002', '2025-11-15', 'CL001', 'cancelled', '2025-11-05 06:13:23', '2025-11-05 06:13:23'),
('ECH661045', 'E001', 'EPNR537217', 'Anita Khanna', '12301', 'ST001', 'ST002', '2025-11-15', 'CL001', 'cancelled', '2025-11-03 22:37:41', '2025-11-03 22:37:41'),
('ECH807402', 'E001', 'EPNR479255', 'Anita Khanna', '12301', 'ST001', 'ST002', '2025-11-15', 'CL001', 'cancelled', '2025-11-04 11:10:07', '2025-11-04 11:10:07');

INSERT INTO fare_rule (fare_rule_id, coach_type, from_distance, to_distance, rate_per_km, minimum_fare)
VALUES
('FR001', 'ac', 0.00, 100.00, 3.50, 50.00),
('FR002', 'ac', 101.00, 500.00, 2.80, 100.00),
('FR004', 'ac', 1001.00, 2000.00, 1.80, 200.00),
('FR005', 'sleeper', 0.00, 100.00, 2.00, 20.00),
('FR006', 'sleeper', 101.00, 500.00, 1.60, 50.00),
('FR007', 'sleeper', 501.00, 1000.00, 1.20, 80.00),
('FR008', 'sleeper', 1001.00, 2000.00, 0.90, 100.00),
('FR009', 'general', 0.00, 100.00, 1.00, 10.00),
('FR010', 'general', 101.00, 500.00, 0.80, 25.00);


INSERT INTO user_booking_history (history_id, user_id, pnr_no, action, action_time, details)
VALUES
('BH020559', 'U522322', 'PNR020559', 'booked', '2025-11-03 20:30:20', 'CONFIRMED booking for Test Passenger. Train: 12301, Class: First AC, Seat: Middle (Preferred), Fare: 4312'),
('BH034095', 'U522322', 'PNR034095', 'booked', '2025-11-05 06:57:14', 'CONFIRMED booking for Ahmed Atif. Train: 12302, Class: Sleeper, Seat: Lower, Fare: 2233'),
('BH044317', 'U522322', 'PNR044317', 'booked', '2025-11-04 20:07:24', 'CONFIRMED booking for Ahmed . Train: 12301, Class: First AC, Seat: Lower, Fare: 4312'),
('BH057570', 'U522322', 'PNR057570', 'booked', '2025-11-03 20:14:17', 'CONFIRMED booking for John Passenger. Train: 12301, Class: First AC, Seat: Lower (Preferred), Fare: 4312'),
('BH058143', 'U522322', 'PNR058143', 'booked', '2025-11-04 09:17:38', 'CONFIRMED booking for John Passenger. Train: 12301, Class: First AC, Seat: Middle, Fare: 4312'),
('BH064932', 'U522322', 'PNR064932', 'booked', '2025-11-04 19:34:24', 'CONFIRMED booking for John Passenger. Train: 12301, Class: First AC, Seat: Upper, Fare: 4312'),
('BH105050', 'U522322', 'PNR105050', 'booked', '2025-11-04 21:15:05', 'CONFIRMED booking for Ahmed . Train: 12301, Class: First AC, Seat: Lower, Fare: 4312'),
('BH134967', 'U522322', 'PNR134967', 'booked', '2025-11-04 10:42:14', 'CONFIRMED booking for John Passenger. Train: 12301, Class: First AC, Seat: Middle, Fare: 4312'),
('BH173714', 'U522322', 'PNR173714', 'booked', '2025-11-04 20:42:53', 'CONFIRMED booking for Ahmed tictactoe Atif. Train: 12302, Class: Sleeper, Seat: Lower, Fare: 2233'),
('BH232519', 'U522322', 'PNR232519', 'booked', '2025-11-04 19:53:52', 'CONFIRMED booking for Ahmed . Train: 12301, Class: First AC, Seat: Middle, Fare: 4312'),
('BH232521', 'U522322', 'PNR232521', 'booked', '2025-11-04 19:53:52', 'CONFIRMED booking for ahmed atifbanger. Train: 12301, Class: First AC, Seat: Middle, Fare: 4312'),
('BH241616', 'U522322', 'PNR241616', 'booked', '2025-11-03 20:17:21', 'CONFIRMED booking for Test Passenger. Train: 12301, Class: First AC, Seat: Lower (Preferred), Fare: 4312'),
('BH245948', 'U522322', 'PNR245948', 'booked', '2025-11-04 19:54:05', 'CONFIRMED booking for ahmed atifbanger. Train: 12301, Class: First AC, Seat: Upper, Fare: 4312'),
('BH263719', 'U522322', 'PNR263719', 'booked', '2025-11-04 20:27:43', 'CONFIRMED booking for Ahmed . Train: 12301, Class: First AC, Seat: Lower, Fare: 4312'),
('BH324618', 'U522322', 'PNR324618', 'booked', '2025-11-04 09:22:04', 'CONFIRMED booking for John Passenger. Train: 12301, Class: First AC, Seat: Upper, Fare: 4312'),
('BH452668', 'U522322', 'PNR452668', 'booked', '2025-11-04 19:57:32', 'CONFIRMED booking for mathin. Train: 12301, Class: First AC, Seat: Side Lower, Fare: 4312'),
('BH460831', 'U522322', 'PNR460831', 'booked', '2025-11-04 09:24:20', 'CONFIRMED booking for John Passenger. Train: 12301, Class: First AC, Seat: Side Lower, Fare: 4312'),
('BH491083', 'U522322', 'PNR491083', 'booked', '2025-11-04 19:58:11', 'CONFIRMED booking for mathin. Train: 12301, Class: First AC, Seat: Side Upper, Fare: 4312'),
('BH521822', 'U522322', 'PNR521822', 'booked', '2025-11-04 19:58:41', 'CONFIRMED booking for mathin. Train: 12301, Class: First AC, Seat: Lower, Fare: 4312'),
('BH521825', 'U522322', 'PNR521825', 'booked', '2025-11-04 19:58:41', 'CONFIRMED booking for ahmed atifbanger. Train: 12301, Class: First AC, Seat: Lower, Fare: 4312'),
('BH535846', 'U522322', 'PNR535846', 'booked', '2025-11-03 20:22:15', 'CONFIRMED booking for Test Passenger. Train: 12301, Class: First AC, Seat: Lower (Alternative for middle_berths), Fare: 4312'),
('BH581703', 'U522322', 'PNR581703', 'booked', '2025-11-03 20:23:01', 'CONFIRMED booking for Test Passenger. Train: 12301, Class: First AC, Seat: Middle (Preferred), Fare: 4312'),
('BH689117', 'U522322', 'PNR689117', 'booked', '2025-11-04 20:01:29', 'CONFIRMED booking for mathin. Train: 12301, Class: First AC, Seat: Middle, Fare: 4312'),
('BH717228', 'U522322', 'PNR717228', 'booked', '2025-11-04 20:35:17', 'CONFIRMED booking for Ahmed tictactoe Atif. Train: 12301, Class: First AC, Seat: Lower, Fare: 4312'),
('BH924775', 'U522322', 'PNR924775', 'booked', '2025-11-04 20:05:24', 'CONFIRMED booking for Ahmed . Train: 12301, Class: First AC, Seat: Upper, Fare: 4312'),
('BH928955', 'U522322', 'PNR928955', 'booked', '2025-11-04 19:48:48', 'CONFIRMED booking for Ahmed . Train: 12302, Class: Sleeper, Seat: Lower, Fare: 2233'),
('BH951424', 'U522322', 'PNR951424', 'booked', '2025-11-04 09:32:31', 'CONFIRMED booking for John Passenger. Train: 12301, Class: First AC, Seat: Side Upper, Fare: 4312'),
('BH971971', 'U522322', 'PNR971971', 'booked', '2025-11-05 09:26:12', 'CONFIRMED booking for John Passenger. Train: 12301, Class: First AC, Seat: Lower, Fare: 4312'),
('BH987503', 'U522322', 'PNR987503', 'booked', '2025-11-05 11:06:27', 'CONFIRMED booking for chandan b l. Train: 12301, Class: First AC, Seat: Middle, Fare: 4312'),
('CH229667', 'U522322', 'PNR105050', 'cancelled', '2025-11-05 05:53:49', 'Ticket cancelled. Refund: 3665.2. Berth B0010001 freed up.'),
('CH456524', 'U522322', 'PNR717228', 'cancelled', '2025-11-05 06:14:16', 'Ticket cancelled. Refund: 3665.2. Berth B0010001 freed up.'),
('CH500647', 'U522322', 'PNR689117', 'cancelled', '2025-11-05 06:15:00', 'Ticket cancelled. Refund: 3665.2. Berth B0010015 freed up.'),
('CH510083', 'U522322', 'PNR057570', 'cancelled', '2025-11-03 20:38:30', 'Ticket cancelled. Refund: 3665.2. Berth B0010001 freed up.'),
('CH664706', 'U522322', 'PNR020559', 'cancelled', '2025-11-03 20:41:04', 'Ticket cancelled. Refund: 3665.2. Berth B0010002 freed up.'),
('CH772491', 'U522322', 'PNR581703', 'cancelled', '2025-11-03 20:42:52', 'Ticket cancelled. Refund: 3665.2. Berth B0010002 freed up.'),
('CH782013', 'U522322', 'PNR134967', 'cancelled', '2025-11-04 10:53:02', 'Ticket cancelled. Refund: 3665.2. Berth B0010007 freed up.');

DELIMITER //

CREATE  PROCEDURE `search_trains_between_cities`(
    IN p_from_city VARCHAR(50),
    IN p_to_city   VARCHAR(50),
    IN p_journey_date DATE
)
BEGIN
    /*
      Assumptions:
      - running_days(day_name) has full lowercase names: monday..sunday
      - route_stop times are TIME only; we handle overnight by adding +1 day when needed
    */

    SELECT 
        t.train_no,
        CONCAT(t.train_no, ' - ', UPPER(t.type)) AS train_name,

        -- IDs + names for endpoints
        s1.station_id AS from_station_id,
        s1.station_name AS from_station,
        s1.city         AS from_city,

        s2.station_id AS to_station_id,
        s2.station_name AS to_station,
        s2.city         AS to_city,

        TIME_FORMAT(rs1.departure_time, '%H:%i') AS departure,
        TIME_FORMAT(rs2.arrival_time,   '%H:%i') AS arrival,

        -- duration in minutes across midnight
        TIMESTAMPDIFF(
            MINUTE,
            TIMESTAMP(p_journey_date, rs1.departure_time),
            CASE
                WHEN rs2.arrival_time >= rs1.departure_time
                    THEN TIMESTAMP(p_journey_date, rs2.arrival_time)
                ELSE
                    TIMESTAMP(p_journey_date + INTERVAL 1 DAY, rs2.arrival_time)
            END
        ) AS duration_minutes,

        -- duration as HH:MM:SS (always positive)
        SEC_TO_TIME(
            TIMESTAMPDIFF(
                SECOND,
                TIMESTAMP(p_journey_date, rs1.departure_time),
                CASE
                    WHEN rs2.arrival_time >= rs1.departure_time
                        THEN TIMESTAMP(p_journey_date, rs2.arrival_time)
                    ELSE
                        TIMESTAMP(p_journey_date + INTERVAL 1 DAY, rs2.arrival_time)
                END
            )
        ) AS duration,

        ROUND((rs2.distance_from_source - rs1.distance_from_source), 2) AS distance_km,

        -- clamp intermediate count to >= 0
        GREATEST(0, (
            SELECT COUNT(*)
            FROM route_stop rsi
            WHERE rsi.schedule_id = sch.schedule_id
              AND rsi.stop_sequence BETWEEN rs1.stop_sequence AND rs2.stop_sequence
        ) - 2) AS intermediate_stops,

        -- list of intermediate STATIONS (names)
        (
            SELECT GROUP_CONCAT(s.station_name ORDER BY rsi.stop_sequence SEPARATOR '  ')
            FROM route_stop rsi
            JOIN station s ON s.station_id = rsi.station_id
            WHERE rsi.schedule_id = sch.schedule_id
              AND rsi.stop_sequence > rs1.stop_sequence
              AND rsi.stop_sequence < rs2.stop_sequence
        ) AS intermediate_stations,

        -- OPTIONAL: list of intermediate STATION IDs (comma-separated)
        (
            SELECT GROUP_CONCAT(s.station_id ORDER BY rsi.stop_sequence SEPARATOR ',')
            FROM route_stop rsi
            JOIN station s ON s.station_id = rsi.station_id
            WHERE rsi.schedule_id = sch.schedule_id
              AND rsi.stop_sequence > rs1.stop_sequence
              AND rsi.stop_sequence < rs2.stop_sequence
        ) AS intermediate_station_ids,

        -- running days (as MON,TUE,...)
        (
            SELECT GROUP_CONCAT(
                UPPER(SUBSTRING(rd.day_name,1,3))
                ORDER BY FIELD(rd.day_name,'monday','tuesday','wednesday','thursday','friday','saturday','sunday')
            )
            FROM running_days rd
            WHERE rd.schedule_id = sch.schedule_id
        ) AS running_days,

        -- classes
        (
            SELECT GROUP_CONCAT(DISTINCT class_name ORDER BY class_name)
            FROM class c 
            WHERE c.train_no = t.train_no
        ) AS available_classes

    FROM train t
    JOIN schedule   sch ON t.train_no      = sch.train_no
    JOIN route_stop rs1 ON sch.schedule_id = rs1.schedule_id
    JOIN station    s1  ON rs1.station_id  = s1.station_id
    JOIN route_stop rs2 ON sch.schedule_id = rs2.schedule_id
    JOIN station    s2  ON rs2.station_id  = s2.station_id

    WHERE
        LOWER(s1.city) = LOWER(p_from_city)
        AND LOWER(s2.city) = LOWER(p_to_city)
        AND rs1.stop_sequence < rs2.stop_sequence

        -- ensure it runs on the requested date
        AND EXISTS (
            SELECT 1
            FROM running_days rd
            WHERE rd.schedule_id = sch.schedule_id
              AND rd.day_name = LOWER(DAYNAME(p_journey_date))
        )

    ORDER BY rs1.departure_time;
END//

DELIMITER ;
DELIMITER //

CREATE DEFINER=`root`@`localhost` PROCEDURE `show_train_route_all_stations`(
    IN p_train_no VARCHAR(10)
)
BEGIN
    -- Show all stations for the train route
    SELECT 
        rs.stop_sequence AS stop_number,
        s.station_name,
        s.city,
        s.state,

        CASE 
            WHEN rs.stop_sequence = 1 THEN 'START'
            WHEN rs.stop_sequence = (
                SELECT MAX(rs2.stop_sequence) 
                FROM route_stop rs2 
                WHERE rs2.schedule_id = sch.schedule_id
            ) THEN 'END'
            ELSE 'STOP'
        END AS station_type,

        DATE_FORMAT(rs.arrival_time, '%H:%i') AS arrival,
        DATE_FORMAT(rs.departure_time, '%H:%i') AS departure,

        CASE 
            WHEN rs.halt_duration > 0 THEN CONCAT(rs.halt_duration, ' min')
            ELSE '0 min'
        END AS halt_time,

        CONCAT(ROUND(rs.distance_from_source, 1), ' km') AS distance_from_start,

        CASE 
            WHEN rs.day_number > 1 THEN CONCAT('Day ', rs.day_number)
            ELSE 'Day 1'
        END AS journey_day

    FROM train t
    JOIN schedule sch ON t.train_no = sch.train_no
    JOIN route_stop rs ON sch.schedule_id = rs.schedule_id
    JOIN station s ON rs.station_id = s.station_id
    WHERE t.train_no = p_train_no
    ORDER BY rs.stop_sequence;
END//

DELIMITER ;
DELIMITER //

CREATE DEFINER=`root`@`localhost` PROCEDURE `show_train_route_all_stations`(
    IN p_train_no VARCHAR(10)
)
BEGIN
    -- Show all stations for the train route
    SELECT 
        rs.stop_sequence AS stop_number,
        s.station_name,
        s.city,
        s.state,

        CASE 
            WHEN rs.stop_sequence = 1 THEN 'START'
            WHEN rs.stop_sequence = (
                SELECT MAX(rs2.stop_sequence) 
                FROM route_stop rs2 
                WHERE rs2.schedule_id = sch.schedule_id
            ) THEN 'END'
            ELSE 'STOP'
        END AS station_type,

        DATE_FORMAT(rs.arrival_time, '%H:%i') AS arrival,
        DATE_FORMAT(rs.departure_time, '%H:%i') AS departure,

        CASE 
            WHEN rs.halt_duration > 0 THEN CONCAT(rs.halt_duration, ' min')
            ELSE '0 min'
        END AS halt_time,

        CONCAT(ROUND(rs.distance_from_source, 1), ' km') AS distance_from_start,

        CASE 
            WHEN rs.day_number > 1 THEN CONCAT('Day ', rs.day_number)
            ELSE 'Day 1'
        END AS journey_day

    FROM train t
    JOIN schedule sch ON t.train_no = sch.train_no
    JOIN route_stop rs ON sch.schedule_id = rs.schedule_id
    JOIN station s ON rs.station_id = s.station_id
    WHERE t.train_no = p_train_no
    ORDER BY rs.stop_sequence;
END//

DELIMITER ;
DELIMITER //

CREATE PROCEDURE `show_train_route_all_stations`(
    IN p_train_no VARCHAR(10)
)
BEGIN
    -- Show all stations for the train route
    SELECT 
        rs.stop_sequence AS stop_number,
        s.station_name,
        s.city,
        s.state,

        CASE 
            WHEN rs.stop_sequence = 1 THEN 'START'
            WHEN rs.stop_sequence = (
                SELECT MAX(rs2.stop_sequence) 
                FROM route_stop rs2 
                WHERE rs2.schedule_id = sch.schedule_id
            ) THEN 'END'
            ELSE 'STOP'
        END AS station_type,

        DATE_FORMAT(rs.arrival_time, '%H:%i') AS arrival,
        DATE_FORMAT(rs.departure_time, '%H:%i') AS departure,

        CASE 
            WHEN rs.halt_duration > 0 THEN CONCAT(rs.halt_duration, ' min')
            ELSE '0 min'
        END AS halt_time,

        CONCAT(ROUND(rs.distance_from_source, 1), ' km') AS distance_from_start,

        CASE 
            WHEN rs.day_number > 1 THEN CONCAT('Day ', rs.day_number)
            ELSE 'Day 1'
        END AS journey_day

    FROM train t
    JOIN schedule sch ON t.train_no = sch.train_no
    JOIN route_stop rs ON sch.schedule_id = rs.schedule_id
    JOIN station s ON rs.station_id = s.station_id
    WHERE t.train_no = p_train_no
    ORDER BY rs.stop_sequence;
END//

DELIMITER ;
DELIMITER //
CREATE DEFINER=`root`@`localhost` FUNCTION `CalculateTicketFare`(
    p_class_id VARCHAR(20),
    p_train_no VARCHAR(20),
    p_source_station VARCHAR(20),
    p_dest_station VARCHAR(20)
) RETURNS decimal(10,2)
    READS SQL DATA
    DETERMINISTIC
BEGIN
    DECLARE fare_amount DECIMAL(10,2);
    DECLARE journey_distance DECIMAL(10,2);
    DECLARE class_multiplier DECIMAL(10,2);
    DECLARE reservation_charges DECIMAL(10,2);
    DECLARE special_charges DECIMAL(10,2);
    
    -- Get class details and calculate distance
    SELECT 
        (dest_rs.distance_from_source - src_rs.distance_from_source),
        c.c_multiplier,
        c.reservation_charges,
        c.special_charges
    INTO 
        journey_distance,
        class_multiplier,
        reservation_charges,
        special_charges
    FROM class c
    JOIN schedule s ON c.train_no = s.train_no
    JOIN route_stop src_rs ON s.schedule_id = src_rs.schedule_id
    JOIN route_stop dest_rs ON s.schedule_id = dest_rs.schedule_id
    WHERE c.class_id = p_class_id 
      AND c.train_no = p_train_no
      AND src_rs.station_id = p_source_station
      AND dest_rs.station_id = p_dest_station
      AND src_rs.stop_sequence < dest_rs.stop_sequence
    LIMIT 1;
    
    -- Calculate fare: (distance * multiplier) + reservation_charges + special_charges
    IF journey_distance IS NOT NULL THEN
        SET fare_amount = ROUND(
            (journey_distance * class_multiplier) + 
            reservation_charges + 
            special_charges, 
            2
        );
    ELSE
        SET fare_amount = NULL;
    END IF;
    
    RETURN fare_amount;
END//
DELIMITER ;